cell,day,side,kind,R_pts,gross,stressed
C1,2019-11-07,1,STOP,23.02,-23.03,-24.33
C1,2019-11-15,-1,TIME,21.38,-8.44,-9.74
C1,2019-11-18,-1,STOP,21.38,-21.38,-22.68
C1,2019-11-19,-1,TIME,21.38,6.06,4.76
C1,2019-11-21,-1,TIME,21.00,11.50,10.20
C1,2019-12-03,-1,STOP,20.93,-20.92,-22.23
C1,2019-12-04,-1,STOP,20.93,-20.92,-22.23
C1,2019-12-06,1,TIME,19.80,19.10,17.80
C1,2019-12-10,-1,STOP,19.54,-19.54,-20.84
C1,2019-12-13,-1,STOP,18.22,-18.22,-19.53
C1,2019-12-20,-1,STOP,16.65,-16.65,-17.96
C1,2020-01-02,1,STOP,16.54,-16.54,-17.84
C1,2020-01-03,1,TIME,16.54,49.48,48.18
C1,2020-01-06,-1,STOP,16.54,-16.54,-17.84
C1,2020-01-08,-1,STOP,16.54,-16.54,-17.84
C1,2020-01-09,1,STOP,16.54,-16.54,-17.84
C1,2020-01-14,1,STOP,17.47,-17.47,-18.78
C1,2020-01-27,-1,STOP,18.90,-18.90,-20.21
C1,2020-01-28,1,STOP,18.90,-18.90,-20.21
C1,2020-01-30,1,STOP,19.05,-19.05,-20.35
C1,2020-01-31,-1,TIME,19.43,165.04,163.73
C1,2020-02-03,1,TIME,19.43,69.54,68.23
C1,2020-02-04,1,STOP,19.43,-19.42,-20.73
C1,2020-02-05,-1,TIME,19.43,87.29,85.98
C1,2020-02-10,1,TIME,21.90,119.30,117.99
C1,2020-02-13,1,TIME,21.90,48.80,47.49
C1,2020-02-24,-1,STOP,23.77,-23.78,-25.08
C1,2020-02-25,1,STOP,24.52,-24.53,-25.83
C1,2020-02-26,1,STOP,24.82,-24.83,-26.13
C1,2020-02-27,0,WHIPSAW,25.50,-25.50,-26.80
C1,2020-02-28,0,WHIPSAW,25.95,-25.95,-27.26
C1,2020-03-02,1,STOP,26.10,-26.10,-27.40
C1,2020-03-04,1,STOP,27.56,-27.56,-28.87
C1,2020-03-05,0,WHIPSAW,27.90,-27.90,-29.21
C1,2020-03-06,1,STOP,30.45,-30.45,-31.76
C1,2020-03-09,-1,STOP,31.65,-31.65,-32.96
C1,2020-03-10,-1,STOP,32.40,-32.40,-33.71
C1,2020-03-12,-1,STOP,35.77,-35.78,-37.08
C1,2020-03-13,1,STOP,36.60,-36.60,-37.90
C1,2020-03-19,-1,STOP,40.80,-40.80,-42.10
C1,2020-03-20,-1,STOP,43.12,-43.12,-44.43
C1,2020-03-23,-1,STOP,46.39,-46.39,-47.69
C1,2020-06-11,1,STOP,54.75,-54.75,-56.05
C1,2020-06-12,1,STOP,54.75,-54.75,-56.05
C1,2020-06-15,1,STOP,54.30,-54.30,-55.60
C1,2020-06-16,-1,TIME,54.75,41.62,40.32
C1,2020-06-18,1,STOP,53.85,-53.85,-55.15
C1,2020-06-22,1,TIME,53.85,85.33,84.02
C1,2020-06-23,1,TIME,53.10,-9.80,-11.10
C1,2020-06-24,1,STOP,51.00,-51.00,-52.30
C1,2020-06-25,-1,STOP,53.10,-53.10,-54.40
C1,2020-07-06,1,TIME,54.04,90.48,89.18
C1,2020-07-14,1,STOP,54.98,-54.97,-56.28
C1,2020-07-16,-1,STOP,56.40,-56.40,-57.71
C1,2020-07-24,-1,STOP,55.61,-55.61,-56.92
C1,2020-07-27,-1,STOP,55.61,-55.61,-56.92
C1,2020-07-30,1,STOP,55.61,-55.61,-56.92
C1,2020-09-01,-1,STOP,58.27,-58.28,-59.58
C1,2020-09-02,-1,TIME,58.27,-20.14,-21.44
C1,2020-09-03,-1,TIME,58.27,446.11,444.81
C1,2020-09-04,-1,STOP,58.27,-58.28,-59.58
C1,2020-09-08,1,STOP,57.41,-57.41,-58.72
C1,2020-09-09,-1,STOP,57.41,-57.41,-58.72
C1,2020-09-10,-1,STOP,58.84,-58.84,-60.14
C1,2020-09-11,-1,STOP,60.38,-60.38,-61.68
C1,2020-09-15,1,STOP,61.35,-61.35,-62.65
C1,2020-09-17,1,STOP,63.07,-63.08,-64.38
C1,2020-09-21,1,STOP,63.52,-63.53,-64.83
C1,2020-09-28,-1,TIME,63.75,-38.12,-39.43
C1,2020-09-30,1,TIME,63.52,87.49,86.18
C1,2020-10-01,-1,STOP,63.52,-63.53,-64.83
C1,2020-10-02,1,STOP,63.52,-63.53,-64.83
C1,2020-10-12,-1,STOP,63.52,-63.53,-64.83
C1,2020-10-13,-1,TIME,63.52,20.99,19.68
C1,2020-10-15,1,TIME,64.50,87.00,85.69
C1,2020-10-19,-1,TIME,63.52,-15.01,-16.32
C1,2020-10-22,1,STOP,58.27,-58.28,-59.58
C1,2020-11-04,1,STOP,72.38,-72.38,-73.68
C1,2020-11-05,-1,STOP,74.59,-74.59,-75.89
C1,2020-11-09,-1,STOP,74.59,-74.59,-75.89
C1,2020-11-10,1,STOP,75.49,-75.49,-76.79
C1,2020-12-21,1,STOP,49.05,-49.05,-50.35
C1,2020-12-28,-1,STOP,47.32,-47.33,-48.63
C1,2021-01-06,1,STOP,47.32,-47.33,-48.63
C1,2021-01-11,-1,STOP,47.44,-47.44,-48.74
C1,2021-01-19,1,STOP,45.30,-45.30,-46.60
C1,2021-01-25,1,STOP,44.40,-44.40,-45.71
C1,2021-01-27,-1,TIME,44.14,248.43,247.13
C1,2021-01-28,1,STOP,44.66,-44.66,-45.97
C1,2021-01-29,1,STOP,45.19,-45.19,-46.49
C1,2021-02-01,1,STOP,45.45,-45.45,-46.75
C1,2021-02-02,1,TIME,47.10,97.95,96.65
C1,2021-02-17,-1,STOP,45.45,-45.45,-46.75
C1,2021-02-18,1,STOP,47.10,-47.10,-48.40
C1,2021-02-19,-1,TIME,47.77,90.86,89.56
C1,2021-02-22,1,STOP,47.44,-47.44,-48.74
C1,2021-02-23,-1,STOP,47.85,-47.85,-49.15
C1,2021-02-24,1,STOP,47.92,-47.93,-49.23
C1,2021-02-25,1,STOP,48.07,-48.07,-49.38
C1,2021-02-26,1,STOP,48.30,-48.30,-49.60
C1,2021-03-03,1,STOP,49.95,-49.95,-51.25
C1,2021-03-05,-1,STOP,50.32,-50.33,-51.63
C1,2021-03-08,-1,STOP,53.02,-53.03,-54.33
C1,2021-03-09,1,TIME,53.59,160.96,159.65
C1,2021-03-10,-1,TIME,55.20,171.15,169.84
C1,2021-03-18,1,STOP,61.31,-61.31,-62.62
C1,2021-05-07,-1,STOP,62.02,-62.03,-63.33
C1,2021-05-11,1,TIME,61.65,198.17,196.87
C1,2021-05-12,1,STOP,61.65,-61.65,-62.96
C1,2021-05-13,1,STOP,61.65,-61.65,-62.96
C1,2021-05-19,1,TIME,61.57,175.46,174.16
C1,2021-05-24,1,TIME,61.57,117.96,116.66
C1,2021-06-03,-1,STOP,55.16,-55.16,-56.47
C1,2021-06-04,1,TIME,54.23,141.14,139.83
C1,2021-06-18,1,STOP,52.80,-52.80,-54.11
C1,2021-06-21,-1,STOP,52.42,-52.43,-53.73
C1,2021-07-02,1,TIME,48.15,65.67,64.37
C1,2021-07-08,-1,STOP,48.75,-48.75,-50.05
C1,2021-07-13,1,TIME,48.64,-16.57,-17.87
C1,2021-07-14,-1,STOP,48.19,-48.19,-49.49
C1,2021-07-19,1,STOP,48.19,-48.19,-49.49
C1,2021-07-28,1,STOP,43.12,-43.12,-44.43
C1,2021-07-30,1,TIME,41.10,71.95,70.65
C1,2021-08-09,1,STOP,39.71,-39.71,-41.02
C1,2021-08-11,1,STOP,39.23,-39.22,-40.53
C1,2021-08-17,-1,STOP,40.20,-40.20,-41.50
C1,2021-08-19,1,TIME,42.00,129.75,128.44
C1,2021-08-20,1,TIME,42.00,96.00,94.69
C1,2021-08-31,-1,TIME,42.00,0.25,-1.05
C1,2021-09-03,1,TIME,40.20,73.15,71.85
C1,2021-09-13,-1,TIME,42.64,99.93,98.63
C1,2021-09-20,-1,STOP,43.05,-43.05,-44.36
C1,2021-09-21,-1,STOP,44.85,-44.85,-46.15
C1,2021-09-22,-1,STOP,44.85,-44.85,-46.15
C1,2021-09-24,1,TIME,46.80,102.60,101.29
C1,2021-09-27,1,STOP,44.85,-44.85,-46.15
C1,2021-09-28,1,STOP,44.85,-44.85,-46.15
C1,2021-09-29,1,STOP,44.85,-44.85,-46.15
C1,2021-10-01,1,STOP,47.17,-47.18,-48.48
C1,2021-10-04,-1,TIME,47.17,272.66,271.36
C1,2021-10-06,1,STOP,48.23,-48.22,-49.53
C1,2021-10-07,1,TIME,48.23,-16.11,-17.42
C1,2021-10-08,-1,TIME,48.23,97.89,96.58
C1,2021-10-12,-1,TIME,48.75,105.62,104.32
C1,2021-10-14,-1,STOP,48.23,-48.22,-49.53
C1,2021-11-29,1,STOP,54.71,-54.71,-56.02
C1,2021-11-30,-1,STOP,54.71,-54.71,-56.02
C1,2021-12-01,-1,STOP,57.86,-57.86,-59.17
C1,2021-12-02,-1,STOP,57.86,-57.86,-59.17
C1,2021-12-03,-1,STOP,59.10,-59.10,-60.40
C1,2021-12-07,1,TIME,60.00,125.75,124.44
C1,2021-12-14,1,STOP,60.00,-60.00,-61.30
C1,2021-12-17,1,STOP,60.26,-60.26,-61.57
C1,2021-12-20,-1,STOP,61.88,-61.88,-63.18
C1,2022-01-07,-1,STOP,67.01,-67.01,-68.32
C1,2022-01-10,0,WHIPSAW,67.58,-67.57,-68.88
C1,2022-01-14,1,TIME,71.33,170.09,168.78
C1,2022-01-18,-1,STOP,73.12,-73.12,-74.43
C1,2022-01-24,-1,STOP,80.10,-80.10,-81.40
C1,2022-01-25,1,STOP,80.25,-80.25,-81.56
C1,2022-01-26,-1,STOP,82.27,-82.28,-83.58
C1,2022-01-27,-1,STOP,89.17,-89.18,-90.48
C1,2022-01-28,-1,STOP,90.08,-90.07,-91.38
C1,2022-02-04,1,STOP,91.72,-91.72,-93.03
C1,2022-02-15,1,TIME,91.72,75.39,74.08
C1,2022-02-22,1,STOP,93.49,-93.49,-94.79
C1,2022-02-24,1,TIME,99.79,852.11,850.80
C1,2022-03-09,-1,STOP,108.00,-108.00,-109.31
C1,2022-03-11,-1,TIME,108.00,338.50,337.19
C1,2022-04-12,-1,STOP,92.40,-92.40,-93.71
C1,2022-04-27,1,STOP,95.25,-95.25,-96.56
C1,2022-04-29,-1,STOP,100.50,-100.50,-101.81
C1,2022-05-09,1,STOP,100.50,-100.50,-101.81
C1,2022-05-10,-1,TIME,101.62,97.44,96.13
C1,2022-05-11,1,STOP,103.16,-103.16,-104.47
C1,2022-05-12,1,STOP,103.16,-103.16,-104.47
C1,2022-05-13,-1,STOP,105.11,-105.11,-106.42
C1,2022-05-17,-1,STOP,105.11,-105.11,-106.42
C1,2022-06-03,-1,STOP,100.50,-100.50,-101.81
C1,2022-06-10,-1,TIME,103.58,124.21,122.91
C1,2022-06-13,1,STOP,105.11,-105.11,-106.42
C1,2022-06-16,-1,TIME,103.58,160.46,159.16
C1,2022-07-05,-1,STOP,97.35,-97.35,-98.65
C1,2022-07-13,1,TIME,90.00,189.00,187.69
C1,2022-08-05,1,TIME,83.25,53.88,52.57
C1,2022-08-10,-1,STOP,82.95,-82.95,-84.25
C1,2022-08-17,1,STOP,80.77,-80.78,-82.08
C1,2022-08-19,-1,TIME,79.46,94.77,93.46
C1,2022-08-22,-1,TIME,77.81,133.84,132.54
C1,2022-08-25,-1,STOP,72.45,-72.45,-73.75
C1,2022-08-26,-1,STOP,69.15,-69.15,-70.46
C1,2022-08-30,-1,TIME,68.55,214.98,213.67
C1,2022-09-01,1,STOP,69.75,-69.75,-71.06
C1,2022-09-02,-1,STOP,71.02,-71.03,-72.33
C1,2022-09-08,-1,STOP,73.42,-73.42,-74.73
C1,2022-09-13,1,STOP,71.70,-71.70,-73.01
C1,2022-09-19,1,TIME,71.70,155.90,154.59
C1,2022-09-20,1,STOP,71.70,-71.70,-73.01
C1,2022-09-22,1,STOP,71.02,-71.03,-72.33
C1,2022-09-23,-1,TIME,67.35,61.58,60.27
C1,2022-09-26,1,STOP,71.02,-71.03,-72.33
C1,2022-09-27,1,STOP,71.02,-71.03,-72.33
C1,2022-09-28,-1,STOP,71.02,-71.03,-72.33
C1,2022-09-29,-1,TIME,71.02,142.74,141.43
C1,2022-09-30,1,STOP,71.02,-71.03,-72.33
C1,2022-10-03,-1,STOP,71.02,-71.03,-72.33
C1,2022-10-04,1,TIME,71.70,76.15,74.84
C1,2022-10-06,1,STOP,71.70,-71.70,-73.01
C1,2022-10-07,-1,TIME,71.02,221.24,219.93
C1,2022-10-13,-1,STOP,67.35,-67.35,-68.65
C1,2022-10-14,-1,TIME,71.02,367.49,366.18
C1,2022-10-17,1,TIME,71.70,87.90,86.59
C1,2022-10-18,-1,TIME,71.02,181.24,179.93
C1,2022-10-19,1,STOP,71.70,-71.70,-73.01
C1,2022-10-24,-1,STOP,72.75,-72.75,-74.06
C1,2022-11-04,-1,STOP,81.75,-81.75,-83.06
C1,2022-11-10,-1,STOP,81.75,-81.75,-83.06
C1,2022-11-15,1,STOP,81.45,-81.45,-82.76
C1,2022-11-17,1,TIME,81.45,95.02,93.72
C1,2022-12-02,1,TIME,77.92,109.04,107.73
C1,2022-12-13,-1,TIME,69.90,261.05,259.74
C1,2022-12-15,-1,TIME,70.58,206.71,205.41
C1,2023-01-03,-1,STOP,68.10,-68.10,-69.40
C1,2023-01-06,-1,STOP,66.45,-66.45,-67.76
C1,2023-01-12,-1,STOP,64.65,-64.65,-65.96
C1,2023-01-25,-1,STOP,63.22,-63.22,-64.53
C1,2023-01-30,1,STOP,63.64,-63.64,-64.94
C1,2023-02-02,1,TIME,63.22,99.39,98.08
C1,2023-02-03,1,TIME,63.22,22.14,20.83
C1,2023-02-09,-1,TIME,64.50,237.00,235.69
C1,2023-02-14,-1,STOP,64.76,-64.76,-66.07
C1,2023-02-16,1,STOP,64.72,-64.72,-66.03
C1,2023-02-24,1,STOP,64.76,-64.76,-66.07
C1,2023-03-10,-1,STOP,63.26,-63.26,-64.57
C1,2023-03-13,1,STOP,63.30,-63.30,-64.60
C1,2023-03-14,1,STOP,64.01,-64.01,-65.32
C1,2023-03-15,1,STOP,63.26,-63.26,-64.57
C1,2023-03-20,-1,STOP,65.14,-65.14,-66.44
C1,2023-04-10,-1,STOP,61.50,-61.50,-62.80
C1,2023-04-12,-1,TIME,61.50,167.75,166.44
C1,2023-05-10,1,STOP,55.73,-55.72,-57.03
C1,2023-05-23,1,STOP,53.17,-53.18,-54.48
C1,2023-05-24,1,STOP,52.95,-52.95,-54.25
C1,2023-05-25,-1,STOP,51.00,-51.00,-52.30
C1,2023-05-26,1,TIME,51.00,287.50,286.19
C1,2023-05-30,-1,STOP,50.85,-50.85,-52.15
C1,2023-06-08,1,TIME,48.98,140.26,138.96
C1,2023-06-13,1,STOP,51.82,-51.82,-53.13
C1,2023-06-15,-1,STOP,51.94,-51.94,-53.24
C1,2023-06-16,-1,TIME,51.94,160.03,158.73
C1,2023-06-23,1,STOP,53.25,-53.25,-54.55
C1,2023-06-30,1,TIME,54.64,73.68,72.38
C1,2023-07-06,-1,STOP,54.64,-54.64,-55.94
C1,2023-07-07,-1,STOP,53.62,-53.62,-54.93
C1,2023-07-12,1,STOP,53.62,-53.62,-54.93
C1,2023-07-21,-1,STOP,54.64,-54.64,-55.94
C1,2023-07-27,1,STOP,54.64,-54.64,-55.94
C1,2023-07-28,1,TIME,54.64,94.43,93.13
C1,2023-08-02,-1,TIME,54.64,169.93,168.63
C1,2023-08-03,1,TIME,55.76,65.87,64.56
C1,2023-08-08,-1,TIME,55.20,0.15,-1.15
C1,2023-08-11,-1,STOP,55.20,-55.20,-56.50
C1,2023-08-14,-1,STOP,55.20,-55.20,-56.50
C1,2023-08-15,1,STOP,56.32,-56.32,-57.63
C1,2023-08-22,-1,TIME,56.32,108.09,106.78
C1,2023-09-07,-1,STOP,54.07,-54.07,-55.38
C1,2023-09-21,1,STOP,54.98,-54.97,-56.28
C1,2023-09-25,-1,STOP,53.40,-53.40,-54.71
C1,2023-09-29,1,STOP,53.92,-53.93,-55.23
C1,2023-10-02,1,TIME,53.92,39.54,38.23
C1,2023-10-03,1,STOP,54.07,-54.07,-55.38
C1,2023-10-04,1,TIME,54.98,148.26,146.96
C1,2023-10-06,1,STOP,55.12,-55.12,-56.43
C1,2023-10-23,-1,STOP,61.12,-61.12,-62.43
C1,2023-11-02,1,STOP,61.05,-61.05,-62.36
C1,2023-11-14,1,TIME,59.55,38.47,37.17
C1,2023-12-04,-1,TIME,59.06,-43.78,-45.09
C1,2023-12-21,1,STOP,55.27,-55.28,-56.58
C1,2024-01-02,-1,TIME,51.60,140.70,139.40
C1,2024-01-03,-1,STOP,51.64,-51.64,-52.94
C1,2024-01-04,1,TIME,51.30,-27.65,-28.96
C1,2024-01-05,1,STOP,50.96,-50.96,-52.27
C1,2024-01-08,1,TIME,50.92,260.29,258.98
C1,2024-01-09,1,TIME,50.92,125.04,123.73
C1,2024-01-11,1,STOP,51.30,-51.30,-52.61
C1,2024-01-12,-1,STOP,51.30,-51.30,-52.61
C1,2024-01-16,1,STOP,50.66,-50.66,-51.97
C1,2024-01-17,-1,STOP,50.92,-50.93,-52.23
C1,2024-01-18,1,STOP,51.67,-51.68,-52.98
C1,2024-01-19,1,TIME,51.67,217.66,216.36
C1,2024-01-24,-1,STOP,50.92,-50.93,-52.23
C1,2024-01-26,-1,STOP,52.05,-52.05,-53.36
C1,2024-02-02,-1,STOP,53.48,-53.47,-54.78
C1,2024-02-07,-1,STOP,53.70,-53.70,-55.00
C1,2024-02-13,-1,STOP,53.62,-53.62,-54.93
C1,2024-02-20,1,STOP,54.90,-54.90,-56.21
C1,2024-02-22,-1,STOP,54.98,-54.97,-56.28
C1,2024-02-29,1,STOP,54.75,-54.75,-56.05
C1,2024-03-06,-1,STOP,56.21,-56.21,-57.52
C1,2024-03-07,1,STOP,56.89,-56.89,-58.19
C1,2024-03-08,1,STOP,57.15,-57.15,-58.46
C1,2024-03-12,-1,STOP,58.05,-58.05,-59.36
C1,2024-03-15,-1,TIME,58.80,77.60,76.29
C1,2024-03-18,1,STOP,58.80,-58.80,-60.11
C1,2024-03-19,-1,STOP,58.05,-58.05,-59.36
C1,2024-04-02,-1,STOP,57.38,-57.38,-58.68
C1,2024-04-04,-1,TIME,57.82,407.84,406.53
C1,2024-04-10,1,STOP,58.05,-58.05,-59.36
C1,2024-04-11,-1,STOP,58.05,-58.05,-59.36
C1,2024-04-12,1,STOP,58.05,-58.05,-59.36
C1,2024-04-15,-1,TIME,58.39,423.06,421.75
C1,2024-04-17,-1,TIME,58.72,226.39,225.08
C1,2024-04-19,-1,TIME,58.95,296.53,295.22
C1,2024-05-03,-1,STOP,66.94,-66.94,-68.24
C1,2024-05-23,-1,TIME,51.00,256.00,254.69
C1,2024-05-29,1,TIME,57.82,1.84,0.53
C1,2024-05-31,-1,STOP,51.00,-51.00,-52.30
C1,2024-06-07,-1,STOP,58.27,-58.28,-59.58
C1,2024-06-12,1,TIME,63.90,68.05,66.74
C1,2024-06-26,1,TIME,56.14,28.93,27.63
C1,2024-07-02,1,TIME,49.84,224.08,222.78
C1,2024-07-05,1,TIME,49.05,167.47,166.17
C1,2024-07-12,1,TIME,48.94,63.53,62.23
C1,2024-07-15,1,STOP,49.05,-49.05,-50.36
C1,2024-07-17,-1,TIME,53.10,181.70,180.40
C1,2024-07-19,-1,STOP,57.45,-57.45,-58.75
C1,2024-07-22,-1,STOP,60.90,-60.90,-62.21
C1,2024-07-24,-1,TIME,63.86,382.07,380.76
C1,2024-07-25,-1,STOP,63.86,-63.86,-65.17
C1,2024-07-26,-1,STOP,64.27,-64.28,-65.58
C1,2024-07-30,-1,TIME,66.19,259.16,257.85
C1,2024-07-31,-1,STOP,68.47,-68.47,-69.78
C1,2024-08-02,-1,STOP,73.16,-73.16,-74.47
C1,2024-08-05,-1,STOP,76.12,-76.12,-77.43
C1,2024-08-06,1,STOP,76.50,-76.50,-77.81
C1,2024-08-07,1,STOP,77.47,-77.47,-78.78
C1,2024-08-08,-1,STOP,78.75,-78.75,-80.06
C1,2024-08-29,1,STOP,84.19,-84.19,-85.49
C1,2024-09-19,-1,STOP,89.10,-89.10,-90.40
C1,2024-10-04,-1,TIME,83.47,-20.74,-22.04
C1,2024-10-17,-1,TIME,78.83,169.09,167.78
C1,2024-10-31,-1,TIME,74.25,251.88,250.57
C1,2024-11-04,-1,STOP,73.20,-73.20,-74.50
C1,2024-11-06,1,STOP,71.55,-71.55,-72.86
C1,2024-11-15,-1,TIME,69.34,243.33,242.03
C1,2024-11-18,-1,STOP,69.34,-69.34,-70.64
C1,2024-11-19,1,TIME,68.89,212.56,211.25
C1,2024-11-21,-1,TIME,68.89,10.81,9.50
C1,2024-11-26,1,STOP,69.34,-69.34,-70.64
C1,2024-12-11,1,TIME,67.50,175.50,174.19
C1,2024-12-18,-1,STOP,65.36,-65.36,-66.67
C1,2024-12-19,-1,TIME,65.36,272.82,271.51
C1,2024-12-20,1,STOP,66.94,-66.94,-68.24
C1,2024-12-23,1,STOP,67.50,-67.50,-68.81
C1,2024-12-26,1,STOP,68.40,-68.40,-69.71
C1,2024-12-30,-1,STOP,69.45,-69.45,-70.75
C1,2025-01-02,-1,STOP,69.90,-69.90,-71.21
C1,2025-01-06,1,STOP,72.38,-72.38,-73.68
C1,2025-01-08,-1,STOP,74.02,-74.03,-75.33
C1,2025-01-10,-1,TIME,74.47,127.76,126.46
C1,2025-01-13,-1,STOP,75.04,-75.04,-76.34
C1,2025-01-15,-1,STOP,76.80,-76.80,-78.11
C1,2025-01-17,-1,TIME,76.80,-13.15,-14.46
C1,2025-01-21,-1,STOP,77.40,-77.40,-78.71
C1,2025-01-27,1,TIME,76.20,27.90,26.60
C1,2025-02-03,1,STOP,77.40,-77.40,-78.71
C1,2025-02-04,1,TIME,77.40,205.55,204.24
C1,2025-02-10,1,TIME,78.97,37.51,36.21
C1,2025-03-11,1,STOP,91.65,-91.65,-92.96
C1,2025-03-12,1,STOP,93.67,-93.68,-94.98
C1,2025-04-02,1,TIME,104.47,400.76,399.46
C1,2025-04-03,1,STOP,109.88,-109.88,-111.18
C1,2025-04-04,1,STOP,114.52,-114.53,-115.83
C1,2025-04-07,-1,STOP,114.60,-114.60,-115.90
C1,2025-04-08,-1,STOP,117.97,-117.97,-119.28
C1,2025-04-09,1,TIME,117.97,2077.51,2076.21
C1,2025-04-10,1,STOP,122.02,-122.03,-123.33
C1,2025-04-11,1,STOP,122.10,-122.10,-123.40
C1,2025-05-12,-1,TIME,123.97,-61.24,-62.54
C1,2025-05-23,1,TIME,109.69,72.41,71.10
C1,2025-05-29,-1,TIME,109.50,238.75,237.44
C1,2025-06-06,1,STOP,108.52,-108.53,-109.83
C1,2025-06-13,1,STOP,92.77,-92.78,-94.08
C1,2025-06-16,1,TIME,87.56,92.97,91.66
C1,2025-06-20,1,STOP,83.70,-83.70,-85.00
C1,2025-06-23,-1,STOP,82.95,-82.95,-84.25
C1,2025-06-24,1,TIME,83.70,92.90,91.60
C1,2025-07-11,1,STOP,67.88,-67.88,-69.18
C1,2025-07-15,-1,TIME,67.39,72.81,71.50
C1,2025-07-31,-1,TIME,64.72,389.89,388.58
C1,2025-08-01,-1,TIME,64.72,184.14,182.83
C1,2025-08-04,1,TIME,64.72,167.64,166.33
C1,2025-08-06,1,TIME,64.72,212.64,211.33
C1,2025-08-07,1,STOP,64.95,-64.95,-66.25
C1,2025-08-12,1,STOP,64.72,-64.72,-66.03
C1,2025-08-22,-1,STOP,64.72,-64.72,-66.03
C1,2025-08-28,1,STOP,62.40,-62.40,-63.71
C1,2025-09-02,-1,STOP,62.40,-62.40,-63.71
C1,2025-09-05,-1,TIME,64.58,192.21,190.91
C1,2025-09-10,-1,TIME,62.40,88.30,86.99
C1,2025-09-18,1,STOP,62.32,-62.32,-63.63
C1,2025-09-25,-1,STOP,64.72,-64.72,-66.03
C1,2025-09-26,-1,STOP,64.72,-64.72,-66.03
C1,2025-09-29,1,STOP,65.17,-65.18,-66.48
C1,2025-10-01,1,STOP,65.10,-65.10,-66.40
C1,2025-10-06,-1,STOP,65.25,-65.25,-66.56
C1,2025-10-13,-1,STOP,65.17,-65.18,-66.48
C1,2025-10-14,-1,STOP,65.25,-65.25,-66.56
C1,2025-10-15,-1,STOP,65.25,-65.25,-66.56
C1,2025-10-16,1,STOP,65.25,-65.25,-66.56
C1,2025-10-17,0,WHIPSAW,65.25,-65.25,-66.56
C1,2025-10-24,-1,STOP,68.62,-68.62,-69.93
C1,2025-10-30,-1,STOP,68.62,-68.62,-69.93
C1,2025-11-03,-1,TIME,68.47,109.01,107.71
C1,2025-11-04,-1,STOP,69.15,-69.15,-70.46
C1,2025-11-05,1,STOP,69.38,-69.38,-70.68
C1,2025-11-07,-1,TIME,72.15,-41.33,-42.63
C1,2025-11-10,1,STOP,74.40,-74.40,-75.71
C1,2025-11-13,-1,TIME,75.15,377.17,375.87
C1,2025-11-14,1,STOP,75.15,-75.15,-76.46
C1,2025-11-17,-1,STOP,75.15,-75.15,-76.46
C1,2025-11-18,1,STOP,78.52,-78.53,-79.83
C1,2025-11-21,1,STOP,83.10,-83.10,-84.40
C1,2025-12-11,-1,STOP,88.31,-88.31,-89.62
C1,2026-01-15,-1,TIME,86.02,179.74,178.43
C1,2026-01-20,1,STOP,82.61,-82.61,-83.92
C1,2026-01-26,-1,STOP,82.20,-82.20,-83.50
C1,2026-01-30,1,STOP,76.88,-76.88,-78.18
C1,2026-02-02,1,TIME,76.88,275.56,274.26
C1,2026-02-05,-1,STOP,76.88,-76.88,-78.18
C1,2026-02-06,-1,STOP,79.46,-79.46,-80.77
C1,2026-02-09,-1,STOP,82.05,-82.05,-83.36
C1,2026-02-11,1,STOP,82.05,-82.05,-83.36
C1,2026-02-17,0,WHIPSAW,86.66,-86.66,-87.97
C1,2026-03-02,1,TIME,94.80,328.85,327.54
C1,2026-03-03,1,STOP,105.15,-105.15,-106.46
C1,2026-03-04,1,TIME,111.04,217.73,216.43
C1,2026-03-06,-1,STOP,111.11,-111.11,-112.42
C1,2026-03-09,1,STOP,111.11,-111.11,-112.42
C1,2026-03-23,-1,STOP,111.67,-111.68,-112.98
C1,2026-03-30,-1,TIME,116.02,324.74,323.43
C1,2026-04-02,-1,STOP,117.30,-117.30,-118.61
C1,2026-04-08,-1,TIME,121.65,92.17,90.87
C1,2026-04-28,-1,STOP,107.25,-107.25,-108.56
C1,2026-04-30,-1,STOP,99.97,-99.97,-101.28
C1,2026-05-06,-1,STOP,98.02,-98.03,-99.33
C1,2026-05-08,1,TIME,99.83,379.09,377.78
C1,2026-05-13,-1,STOP,99.83,-99.82,-101.13
C1,2026-05-15,-1,STOP,98.92,-98.93,-100.23
C1,2026-05-18,-1,TIME,99.83,190.84,189.53
C1,2026-05-19,1,STOP,99.83,-99.82,-101.13
C1,2026-06-04,-1,STOP,99.90,-99.90,-101.21
C1,2026-06-05,1,STOP,99.90,-99.90,-101.21
C1,2026-06-08,1,STOP,99.90,-99.90,-101.21
C1,2026-06-09,-1,STOP,99.90,-99.90,-101.21
C1,2026-06-10,1,STOP,99.90,-99.90,-101.21
C1,2026-06-11,-1,STOP,102.04,-102.04,-103.34
C1,2026-06-12,-1,STOP,102.04,-102.04,-103.34
C1,2026-06-15,1,TIME,104.10,156.20,154.90
C1,2026-06-18,-1,STOP,116.40,-116.40,-117.71
C1,2026-06-22,1,STOP,116.92,-116.93,-118.23
C1,2026-06-23,-1,STOP,117.07,-117.07,-118.38
C1,2026-06-26,-1,STOP,118.27,-118.28,-119.58
C1,2026-07-08,1,STOP,127.95,-127.95,-129.25
C1,2026-07-14,-1,STOP,127.95,-127.95,-129.25
C1,2026-07-17,1,STOP,135.90,-135.90,-137.21
C1,2026-07-23,1,STOP,127.95,-127.95,-129.25
C1,2026-07-30,1,TIME,135.38,265.56,264.26
C2,2019-11-07,1,STOP,46.05,-46.05,-47.35
C2,2019-11-15,-1,TIME,42.75,-19.12,-20.43
C2,2019-11-18,-1,STOP,42.75,-42.75,-44.05
C2,2019-11-19,-1,TIME,42.75,-4.62,-5.93
C2,2019-11-21,-1,TIME,42.00,1.00,-0.30
C2,2019-12-03,-1,STOP,41.85,-41.85,-43.15
C2,2019-12-04,0,NOTRIG,41.85,,
C2,2019-12-06,1,TIME,39.60,9.20,7.90
C2,2019-12-10,-1,STOP,39.07,-39.08,-40.38
C2,2019-12-13,1,TIME,36.45,19.77,18.47
C2,2019-12-20,-1,TIME,33.30,-16.15,-17.45
C2,2020-01-02,1,STOP,33.07,-33.08,-34.38
C2,2020-01-03,1,TIME,33.07,41.21,39.91
C2,2020-01-06,1,TIME,33.07,107.21,105.91
C2,2020-01-08,1,TIME,33.07,47.71,46.41
C2,2020-01-09,1,STOP,33.07,-33.08,-34.38
C2,2020-01-14,-1,STOP,34.95,-34.95,-36.26
C2,2020-01-27,-1,STOP,37.80,-37.80,-39.10
C2,2020-01-28,-1,STOP,37.80,-37.80,-39.10
C2,2020-01-30,1,STOP,38.10,-38.10,-39.40
C2,2020-01-31,-1,TIME,38.85,155.33,154.02
C2,2020-02-03,1,TIME,38.85,59.83,58.52
C2,2020-02-04,-1,STOP,38.85,-38.85,-40.15
C2,2020-02-05,-1,TIME,38.85,77.58,76.27
C2,2020-02-10,1,TIME,43.80,108.35,107.05
C2,2020-02-13,1,TIME,43.80,37.85,36.55
C2,2020-02-24,-1,STOP,47.55,-47.55,-48.85
C2,2020-02-25,1,STOP,49.05,-49.05,-50.35
C2,2020-02-26,1,STOP,49.65,-49.65,-50.96
C2,2020-02-27,1,STOP,51.00,-51.00,-52.30
C2,2020-02-28,0,WHIPSAW,51.90,-51.90,-53.21
C2,2020-03-02,1,STOP,52.20,-52.20,-53.51
C2,2020-03-04,1,STOP,55.12,-55.12,-56.43
C2,2020-03-05,1,STOP,55.80,-55.80,-57.10
C2,2020-03-06,1,STOP,60.90,-60.90,-62.21
C2,2020-03-09,-1,STOP,63.30,-63.30,-64.60
C2,2020-03-10,-1,STOP,64.80,-64.80,-66.10
C2,2020-03-12,-1,STOP,71.55,-71.55,-72.85
C2,2020-03-13,1,STOP,73.20,-73.20,-74.51
C2,2020-03-19,-1,STOP,81.60,-81.60,-82.90
C2,2020-03-20,-1,STOP,86.25,-86.25,-87.56
C2,2020-03-23,-1,STOP,92.77,-92.78,-94.08
C2,2020-06-11,1,STOP,109.50,-109.50,-110.81
C2,2020-06-12,-1,TIME,109.50,86.25,84.94
C2,2020-06-15,1,TIME,108.60,194.70,193.40
C2,2020-06-16,-1,TIME,109.50,14.25,12.95
C2,2020-06-18,0,NOTRIG,107.70,,
C2,2020-06-22,1,TIME,107.70,58.40,57.09
C2,2020-06-23,1,TIME,106.20,-36.35,-37.66
C2,2020-06-24,1,STOP,102.00,-102.00,-103.31
C2,2020-06-25,-1,STOP,106.20,-106.20,-107.51
C2,2020-07-06,1,TIME,108.08,63.46,62.16
C2,2020-07-14,1,STOP,109.95,-109.95,-111.26
C2,2020-07-16,-1,STOP,112.80,-112.80,-114.10
C2,2020-07-24,-1,STOP,111.22,-111.22,-112.53
C2,2020-07-27,1,TIME,111.22,61.64,60.33
C2,2020-07-30,1,TIME,111.22,77.64,76.33
C2,2020-09-01,-1,STOP,116.55,-116.55,-117.85
C2,2020-09-02,-1,TIME,116.55,-49.27,-50.58
C2,2020-09-03,-1,TIME,116.55,416.98,415.67
C2,2020-09-04,1,STOP,116.55,-116.55,-117.85
C2,2020-09-08,1,STOP,114.83,-114.83,-116.13
C2,2020-09-09,-1,STOP,114.83,-114.83,-116.13
C2,2020-09-10,-1,TIME,117.67,321.41,320.11
C2,2020-09-11,-1,TIME,120.75,72.62,71.32
C2,2020-09-15,1,STOP,122.70,-122.70,-124.01
C2,2020-09-17,1,TIME,126.15,42.92,41.62
C2,2020-09-21,1,STOP,127.05,-127.05,-128.35
C2,2020-09-28,-1,TIME,127.50,-70.00,-71.31
C2,2020-09-30,1,TIME,127.05,55.73,54.42
C2,2020-10-01,-1,TIME,127.05,-75.02,-76.33
C2,2020-10-02,1,STOP,127.05,-127.05,-128.35
C2,2020-10-12,1,TIME,127.05,105.73,104.42
C2,2020-10-13,-1,TIME,127.05,-10.77,-12.08
C2,2020-10-15,1,TIME,129.00,54.75,53.45
C2,2020-10-19,-1,TIME,127.05,-46.77,-48.08
C2,2020-10-22,0,NOTRIG,116.55,,
C2,2020-11-04,1,TIME,144.75,84.12,82.82
C2,2020-11-05,1,TIME,149.17,-42.59,-43.89
C2,2020-11-09,-1,TIME,149.17,217.91,216.61
C2,2020-11-10,-1,TIME,150.97,1.51,0.21
C2,2020-12-21,1,STOP,98.10,-98.10,-99.40
C2,2020-12-28,-1,TIME,94.65,-68.08,-69.38
C2,2021-01-06,1,TIME,94.65,-41.33,-42.63
C2,2021-01-11,-1,STOP,94.88,-94.88,-96.18
C2,2021-01-19,-1,STOP,90.60,-90.60,-91.90
C2,2021-01-25,1,STOP,88.80,-88.80,-90.11
C2,2021-01-27,-1,TIME,88.27,226.36,225.06
C2,2021-01-28,1,TIME,89.33,42.59,41.28
C2,2021-01-29,-1,STOP,90.38,-90.38,-91.68
C2,2021-02-01,1,STOP,90.90,-90.90,-92.21
C2,2021-02-02,1,TIME,94.20,74.40,73.10
C2,2021-02-17,1,STOP,90.90,-90.90,-92.21
C2,2021-02-18,-1,STOP,94.20,-94.20,-95.50
C2,2021-02-19,-1,TIME,95.55,66.97,65.67
C2,2021-02-22,1,STOP,94.88,-94.88,-96.18
C2,2021-02-23,-1,STOP,95.70,-95.70,-97.00
C2,2021-02-24,-1,STOP,95.85,-95.85,-97.15
C2,2021-02-25,1,STOP,96.15,-96.15,-97.46
C2,2021-02-26,1,STOP,96.60,-96.60,-97.90
C2,2021-03-03,-1,TIME,99.90,267.05,265.74
C2,2021-03-05,-1,STOP,100.65,-100.65,-101.96
C2,2021-03-08,-1,STOP,106.05,-106.05,-107.35
C2,2021-03-09,1,TIME,107.17,134.16,132.86
C2,2021-03-10,-1,TIME,110.40,143.55,142.24
C2,2021-03-18,-1,TIME,122.62,127.44,126.13
C2,2021-05-07,1,TIME,124.05,-52.53,-53.83
C2,2021-05-11,1,TIME,123.30,167.35,166.04
C2,2021-05-12,1,STOP,123.30,-123.30,-124.61
C2,2021-05-13,1,STOP,123.30,-123.30,-124.61
C2,2021-05-19,1,TIME,123.15,144.67,143.37
C2,2021-05-24,1,TIME,123.15,87.17,85.87
C2,2021-06-03,-1,TIME,110.33,-24.16,-25.47
C2,2021-06-04,1,TIME,108.45,114.03,112.72
C2,2021-06-18,-1,TIME,105.60,-57.05,-58.35
C2,2021-06-21,-1,STOP,104.85,-104.85,-106.15
C2,2021-07-02,1,TIME,96.30,41.60,40.29
C2,2021-07-08,-1,STOP,97.50,-97.50,-98.81
C2,2021-07-13,1,TIME,97.27,-40.89,-42.19
C2,2021-07-14,-1,TIME,96.38,10.56,9.26
C2,2021-07-19,-1,TIME,96.38,-30.94,-32.24
C2,2021-07-28,-1,STOP,86.25,-86.25,-87.56
C2,2021-07-30,1,TIME,82.20,51.40,50.10
C2,2021-08-09,-1,TIME,79.42,-47.21,-48.52
C2,2021-08-11,-1,TIME,78.45,35.28,33.97
C2,2021-08-17,-1,TIME,80.40,-8.95,-10.26
C2,2021-08-19,1,TIME,84.00,108.75,107.44
C2,2021-08-20,1,TIME,84.00,75.00,73.69
C2,2021-08-31,-1,TIME,84.00,-20.75,-22.05
C2,2021-09-03,1,TIME,80.40,53.05,51.74
C2,2021-09-13,-1,TIME,85.27,78.61,77.31
C2,2021-09-20,1,STOP,86.10,-86.10,-87.40
C2,2021-09-21,-1,STOP,89.70,-89.70,-91.00
C2,2021-09-22,-1,STOP,89.70,-89.70,-91.00
C2,2021-09-24,1,TIME,93.60,79.20,77.90
C2,2021-09-27,-1,STOP,89.70,-89.70,-91.00
C2,2021-09-28,-1,TIME,89.70,185.65,184.35
C2,2021-09-29,1,STOP,89.70,-89.70,-91.00
C2,2021-10-01,-1,STOP,94.35,-94.35,-95.65
C2,2021-10-04,-1,TIME,94.35,249.08,247.77
C2,2021-10-06,1,TIME,96.45,163.03,161.72
C2,2021-10-07,1,TIME,96.45,-40.22,-41.53
C2,2021-10-08,-1,TIME,96.45,73.78,72.47
C2,2021-10-12,-1,TIME,97.50,81.25,79.94
C2,2021-10-14,1,TIME,96.45,72.03,70.72
C2,2021-11-29,1,TIME,109.42,107.29,105.98
C2,2021-11-30,1,STOP,109.42,-109.43,-110.73
C2,2021-12-01,-1,STOP,115.72,-115.72,-117.03
C2,2021-12-02,1,STOP,115.72,-115.72,-117.03
C2,2021-12-03,-1,TIME,118.20,340.90,339.60
C2,2021-12-07,1,TIME,120.00,95.75,94.44
C2,2021-12-14,1,STOP,120.00,-120.00,-121.31
C2,2021-12-17,1,STOP,120.52,-120.53,-121.83
C2,2021-12-20,1,STOP,123.75,-123.75,-125.06
C2,2022-01-07,-1,STOP,134.03,-134.03,-135.33
C2,2022-01-10,-1,STOP,135.15,-135.15,-136.46
C2,2022-01-14,1,TIME,142.65,134.42,133.12
C2,2022-01-18,-1,STOP,146.25,-146.25,-147.56
C2,2022-01-24,-1,STOP,160.20,-160.20,-161.50
C2,2022-01-25,1,STOP,160.50,-160.50,-161.81
C2,2022-01-26,-1,STOP,164.55,-164.55,-165.86
C2,2022-01-27,-1,TIME,178.35,232.33,231.02
C2,2022-01-28,-1,STOP,180.15,-180.15,-181.46
C2,2022-02-04,1,TIME,183.45,88.78,87.47
C2,2022-02-15,1,TIME,183.45,29.53,28.22
C2,2022-02-22,1,STOP,186.97,-186.97,-188.28
C2,2022-02-24,1,TIME,199.57,802.21,800.91
C2,2022-03-09,1,TIME,216.00,10.50,9.20
C2,2022-03-11,-1,TIME,216.00,284.50,283.19
C2,2022-04-12,-1,TIME,184.80,162.60,161.29
C2,2022-04-27,1,TIME,190.50,-107.25,-108.56
C2,2022-04-29,1,STOP,201.00,-201.00,-202.31
C2,2022-05-09,1,STOP,201.00,-201.00,-202.31
C2,2022-05-10,-1,TIME,203.25,46.62,45.32
C2,2022-05-11,1,STOP,206.32,-206.33,-207.63
C2,2022-05-12,1,TIME,206.32,1.09,-0.22
C2,2022-05-13,1,TIME,210.22,86.39,85.08
C2,2022-05-17,-1,TIME,210.22,-156.86,-158.17
C2,2022-06-03,-1,TIME,201.00,19.00,17.70
C2,2022-06-10,-1,TIME,207.15,72.42,71.12
C2,2022-06-13,1,STOP,210.22,-210.22,-211.53
C2,2022-06-16,-1,TIME,207.15,108.67,107.37
C2,2022-07-05,1,TIME,194.70,239.90,238.59
C2,2022-07-13,1,TIME,180.00,144.00,142.69
C2,2022-08-05,1,TIME,166.50,12.25,10.95
C2,2022-08-10,-1,TIME,165.90,-134.95,-136.26
C2,2022-08-17,-1,STOP,161.55,-161.55,-162.86
C2,2022-08-19,-1,TIME,158.92,55.04,53.73
C2,2022-08-22,-1,TIME,155.62,94.94,93.63
C2,2022-08-25,1,TIME,144.90,58.30,56.99
C2,2022-08-26,-1,TIME,138.30,437.85,436.54
C2,2022-08-30,-1,TIME,137.10,180.70,179.40
C2,2022-09-01,-1,STOP,139.50,-139.50,-140.81
C2,2022-09-02,-1,TIME,142.05,251.73,250.42
C2,2022-09-08,1,TIME,146.85,42.33,41.02
C2,2022-09-13,-1,TIME,143.40,270.30,268.99
C2,2022-09-19,1,TIME,143.40,120.05,118.74
C2,2022-09-20,1,STOP,143.40,-143.40,-144.71
C2,2022-09-22,-1,TIME,142.05,-42.02,-43.33
C2,2022-09-23,-1,TIME,134.70,27.90,26.59
C2,2022-09-26,1,TIME,142.05,-26.27,-27.58
C2,2022-09-27,1,STOP,142.05,-142.05,-143.35
C2,2022-09-28,1,TIME,142.05,208.73,207.42
C2,2022-09-29,-1,TIME,142.05,107.23,105.92
C2,2022-09-30,1,STOP,142.05,-142.05,-143.35
C2,2022-10-03,1,TIME,142.05,119.73,118.42
C2,2022-10-04,1,TIME,143.40,40.30,38.99
C2,2022-10-06,1,TIME,143.40,-121.45,-122.76
C2,2022-10-07,-1,TIME,142.05,185.73,184.42
C2,2022-10-13,1,TIME,134.70,529.40,528.09
C2,2022-10-14,-1,TIME,142.05,331.98,330.67
C2,2022-10-17,1,TIME,143.40,52.05,50.74
C2,2022-10-18,-1,TIME,142.05,145.73,144.42
C2,2022-10-19,1,STOP,143.40,-143.40,-144.71
C2,2022-10-24,-1,STOP,145.50,-145.50,-146.81
C2,2022-11-04,-1,TIME,163.50,-6.75,-8.05
C2,2022-11-10,-1,STOP,163.50,-163.50,-164.81
C2,2022-11-15,-1,TIME,162.90,58.55,57.24
C2,2022-11-17,1,TIME,162.90,54.30,52.99
C2,2022-12-02,1,TIME,155.85,70.08,68.77
C2,2022-12-13,-1,TIME,139.80,226.10,224.80
C2,2022-12-15,-1,TIME,141.15,171.42,170.12
C2,2023-01-03,-1,TIME,136.20,104.90,103.59
C2,2023-01-06,-1,STOP,132.90,-132.90,-134.21
C2,2023-01-12,-1,STOP,129.30,-129.30,-130.60
C2,2023-01-25,-1,STOP,126.45,-126.45,-127.76
C2,2023-01-30,-1,TIME,127.27,30.36,29.06
C2,2023-02-02,1,TIME,126.45,67.77,66.47
C2,2023-02-03,1,TIME,126.45,-9.48,-10.78
C2,2023-02-09,-1,TIME,129.00,204.75,203.44
C2,2023-02-14,-1,STOP,129.53,-129.53,-130.83
C2,2023-02-16,1,TIME,129.45,-74.48,-75.78
C2,2023-02-24,-1,TIME,129.53,-32.76,-34.07
C2,2023-03-10,-1,TIME,126.52,122.24,120.93
C2,2023-03-13,-1,STOP,126.60,-126.60,-127.90
C2,2023-03-14,1,TIME,128.03,-2.76,-4.07
C2,2023-03-15,1,TIME,126.52,30.49,29.18
C2,2023-03-20,-1,STOP,130.28,-130.28,-131.58
C2,2023-04-10,-1,STOP,123.00,-123.00,-124.31
C2,2023-04-12,-1,TIME,123.00,137.00,135.69
C2,2023-05-10,1,STOP,111.45,-111.45,-112.75
C2,2023-05-23,-1,TIME,106.35,38.33,37.02
C2,2023-05-24,-1,STOP,105.90,-105.90,-107.21
C2,2023-05-25,-1,STOP,102.00,-102.00,-103.31
C2,2023-05-26,1,TIME,102.00,262.00,260.69
C2,2023-05-30,-1,TIME,101.70,81.15,79.85
C2,2023-06-08,1,TIME,97.95,115.78,114.47
C2,2023-06-13,-1,TIME,103.65,-42.83,-44.13
C2,2023-06-15,1,TIME,103.88,212.31,211.01
C2,2023-06-16,-1,TIME,103.88,134.06,132.76
C2,2023-06-23,-1,STOP,106.50,-106.50,-107.81
C2,2023-06-30,1,TIME,109.27,46.36,45.06
C2,2023-07-06,-1,STOP,109.27,-109.28,-110.58
C2,2023-07-07,1,TIME,107.25,-81.12,-82.43
C2,2023-07-12,1,STOP,107.25,-107.25,-108.56
C2,2023-07-21,-1,TIME,109.27,93.61,92.31
C2,2023-07-27,1,STOP,109.27,-109.28,-110.58
C2,2023-07-28,1,TIME,109.27,67.11,65.81
C2,2023-08-02,-1,TIME,109.27,142.61,141.31
C2,2023-08-03,1,TIME,111.52,37.99,36.68
C2,2023-08-08,-1,TIME,110.40,-27.45,-28.76
C2,2023-08-11,1,TIME,110.40,-40.70,-42.01
C2,2023-08-14,1,TIME,110.40,118.05,116.74
C2,2023-08-15,-1,TIME,112.65,65.67,64.37
C2,2023-08-22,-1,TIME,112.65,79.92,78.62
C2,2023-09-07,1,TIME,108.15,25.67,24.37
C2,2023-09-21,-1,TIME,109.95,52.78,51.47
C2,2023-09-25,1,TIME,106.80,12.35,11.04
C2,2023-09-29,1,STOP,107.85,-107.85,-109.15
C2,2023-10-02,1,TIME,107.85,12.58,11.27
C2,2023-10-03,1,STOP,108.15,-108.15,-109.46
C2,2023-10-04,1,TIME,109.95,120.78,119.47
C2,2023-10-06,1,TIME,110.25,332.38,331.07
C2,2023-10-23,-1,STOP,122.25,-122.25,-123.56
C2,2023-11-02,1,TIME,122.10,19.45,18.15
C2,2023-11-14,1,TIME,119.10,8.70,7.40
C2,2023-12-04,-1,TIME,118.12,-73.31,-74.62
C2,2023-12-21,-1,TIME,110.55,-96.53,-97.83
C2,2024-01-02,-1,TIME,103.20,114.90,113.60
C2,2024-01-03,-1,TIME,103.27,31.86,30.56
C2,2024-01-04,1,TIME,102.60,-53.30,-54.60
C2,2024-01-05,1,TIME,101.92,-45.96,-47.27
C2,2024-01-08,1,TIME,101.85,234.83,233.52
C2,2024-01-09,1,TIME,101.85,99.58,98.27
C2,2024-01-11,1,STOP,102.60,-102.60,-103.90
C2,2024-01-12,-1,TIME,102.60,-11.05,-12.35
C2,2024-01-16,-1,STOP,101.33,-101.32,-102.63
C2,2024-01-17,-1,STOP,101.85,-101.85,-103.15
C2,2024-01-18,1,STOP,103.35,-103.35,-104.65
C2,2024-01-19,1,TIME,103.35,191.83,190.52
C2,2024-01-24,-1,STOP,101.85,-101.85,-103.15
C2,2024-01-26,-1,STOP,104.10,-104.10,-105.40
C2,2024-02-02,1,TIME,106.95,198.78,197.47
C2,2024-02-07,-1,STOP,107.40,-107.40,-108.71
C2,2024-02-13,1,STOP,107.25,-107.25,-108.56
C2,2024-02-20,1,STOP,109.80,-109.80,-111.11
C2,2024-02-22,1,TIME,109.95,115.28,113.97
C2,2024-02-29,-1,STOP,109.50,-109.50,-110.81
C2,2024-03-06,-1,STOP,112.42,-112.43,-113.73
C2,2024-03-07,-1,STOP,113.77,-113.78,-115.08
C2,2024-03-08,1,STOP,114.30,-114.30,-115.61
C2,2024-03-12,-1,STOP,116.10,-116.10,-117.40
C2,2024-03-15,-1,TIME,117.60,48.20,46.90
C2,2024-03-18,1,TIME,117.60,-101.05,-102.35
C2,2024-03-19,-1,STOP,116.10,-116.10,-117.40
C2,2024-04-02,-1,STOP,114.75,-114.75,-116.06
C2,2024-04-04,-1,TIME,115.65,378.92,377.62
C2,2024-04-10,1,TIME,116.10,2.95,1.65
C2,2024-04-11,-1,STOP,116.10,-116.10,-117.40
C2,2024-04-12,-1,TIME,116.10,76.95,75.65
C2,2024-04-15,-1,TIME,116.77,393.86,392.56
C2,2024-04-17,-1,TIME,117.45,197.03,195.72
C2,2024-04-19,-1,TIME,117.90,267.05,265.74
C2,2024-05-03,1,TIME,133.88,-21.69,-22.99
C2,2024-05-23,-1,TIME,102.00,230.50,229.19
C2,2024-05-29,1,TIME,115.65,-27.08,-28.38
C2,2024-05-31,-1,TIME,102.00,-5.25,-6.55
C2,2024-06-07,1,TIME,116.55,-74.03,-75.33
C2,2024-06-12,1,TIME,127.80,36.10,34.79
C2,2024-06-26,1,TIME,112.27,0.86,-0.44
C2,2024-07-02,1,TIME,99.67,199.16,197.86
C2,2024-07-05,1,TIME,98.10,142.95,141.65
C2,2024-07-12,1,TIME,97.88,39.06,37.76
C2,2024-07-15,1,STOP,98.10,-98.10,-99.40
C2,2024-07-17,-1,TIME,106.20,155.15,153.85
C2,2024-07-19,1,STOP,114.90,-114.90,-116.21
C2,2024-07-22,-1,STOP,121.80,-121.80,-123.11
C2,2024-07-24,-1,TIME,127.72,350.14,348.83
C2,2024-07-25,-1,STOP,127.72,-127.72,-129.03
C2,2024-07-26,-1,STOP,128.55,-128.55,-129.86
C2,2024-07-30,-1,TIME,132.38,226.06,224.76
C2,2024-07-31,1,TIME,136.95,21.03,19.72
C2,2024-08-02,-1,STOP,146.32,-146.32,-147.63
C2,2024-08-05,1,TIME,152.25,329.62,328.32
C2,2024-08-06,1,STOP,153.00,-153.00,-154.31
C2,2024-08-07,1,STOP,154.95,-154.95,-156.25
C2,2024-08-08,-1,STOP,157.50,-157.50,-158.81
C2,2024-08-29,1,STOP,168.38,-168.38,-169.68
C2,2024-09-19,-1,STOP,178.20,-178.20,-179.50
C2,2024-10-04,-1,TIME,166.95,-62.47,-63.78
C2,2024-10-17,-1,TIME,157.65,129.67,128.37
C2,2024-10-31,-1,TIME,148.50,214.75,213.44
C2,2024-11-04,-1,STOP,146.40,-146.40,-147.71
C2,2024-11-06,1,TIME,143.10,135.70,134.40
C2,2024-11-15,-1,TIME,138.67,208.66,207.36
C2,2024-11-18,1,TIME,138.67,-10.84,-12.14
C2,2024-11-19,1,TIME,137.78,178.11,176.81
C2,2024-11-21,-1,TIME,137.78,-23.64,-24.94
C2,2024-11-26,1,TIME,138.67,-14.09,-15.39
C2,2024-12-11,1,TIME,135.00,141.75,140.44
C2,2024-12-18,-1,STOP,130.72,-130.72,-132.03
C2,2024-12-19,-1,TIME,130.72,240.14,238.83
C2,2024-12-20,1,TIME,133.88,270.06,268.76
C2,2024-12-23,-1,STOP,135.00,-135.00,-136.31
C2,2024-12-26,-1,STOP,136.80,-136.80,-138.11
C2,2024-12-30,-1,STOP,138.90,-138.90,-140.21
C2,2025-01-02,-1,STOP,139.80,-139.80,-141.11
C2,2025-01-06,1,STOP,144.75,-144.75,-146.06
C2,2025-01-08,-1,STOP,148.05,-148.05,-149.36
C2,2025-01-10,-1,TIME,148.95,90.53,89.22
C2,2025-01-13,1,TIME,150.07,88.46,87.16
C2,2025-01-15,1,TIME,153.60,92.95,91.65
C2,2025-01-17,-1,TIME,153.60,-51.55,-52.85
C2,2025-01-21,-1,TIME,154.80,-84.15,-85.46
C2,2025-01-27,1,TIME,152.40,-10.20,-11.51
C2,2025-02-03,1,STOP,154.80,-154.80,-156.11
C2,2025-02-04,1,TIME,154.80,166.85,165.54
C2,2025-02-10,1,TIME,157.95,-1.97,-3.28
C2,2025-03-11,1,STOP,183.30,-183.30,-184.61
C2,2025-03-12,-1,TIME,187.35,2.08,0.77
C2,2025-04-02,1,TIME,208.95,348.53,347.22
C2,2025-04-03,1,STOP,219.75,-219.75,-221.06
C2,2025-04-04,-1,TIME,229.05,445.22,443.92
C2,2025-04-07,-1,STOP,229.20,-229.20,-230.50
C2,2025-04-08,1,STOP,235.95,-235.95,-237.25
C2,2025-04-09,1,TIME,235.95,2018.53,2017.22
C2,2025-04-10,-1,TIME,244.05,198.22,196.92
C2,2025-04-11,1,STOP,244.20,-244.20,-245.50
C2,2025-05-12,-1,TIME,247.95,-123.22,-124.53
C2,2025-05-23,1,TIME,219.38,17.56,16.26
C2,2025-05-29,-1,TIME,219.00,184.00,182.69
C2,2025-06-06,0,NOTRIG,217.05,,
C2,2025-06-13,1,TIME,185.55,-156.78,-158.08
C2,2025-06-16,1,TIME,175.12,49.19,47.88
C2,2025-06-20,-1,TIME,167.40,168.80,167.49
C2,2025-06-23,-1,STOP,165.90,-165.90,-167.21
C2,2025-06-24,1,TIME,167.40,51.05,49.74
C2,2025-07-11,1,TIME,135.75,-8.88,-10.18
C2,2025-07-15,-1,TIME,134.78,39.11,37.81
C2,2025-07-31,-1,TIME,129.45,357.53,356.22
C2,2025-08-01,-1,TIME,129.45,151.78,150.47
C2,2025-08-04,1,TIME,129.45,135.28,133.97
C2,2025-08-06,1,TIME,129.45,180.28,178.97
C2,2025-08-07,1,STOP,129.90,-129.90,-131.21
C2,2025-08-12,1,STOP,129.45,-129.45,-130.75
C2,2025-08-22,1,TIME,129.45,230.78,229.47
C2,2025-08-28,1,STOP,124.80,-124.80,-126.11
C2,2025-09-02,-1,STOP,124.80,-124.80,-126.11
C2,2025-09-05,-1,TIME,129.15,159.92,158.62
C2,2025-09-10,-1,TIME,124.80,57.10,55.79
C2,2025-09-18,-1,STOP,124.65,-124.65,-125.96
C2,2025-09-25,-1,STOP,129.45,-129.45,-130.75
C2,2025-09-26,1,STOP,129.45,-129.45,-130.75
C2,2025-09-29,1,STOP,130.35,-130.35,-131.65
C2,2025-10-01,1,TIME,130.20,197.90,196.60
C2,2025-10-06,-1,TIME,130.50,-58.75,-60.05
C2,2025-10-13,-1,STOP,130.35,-130.35,-131.65
C2,2025-10-14,-1,STOP,130.50,-130.50,-131.81
C2,2025-10-15,-1,STOP,130.50,-130.50,-131.81
C2,2025-10-16,1,STOP,130.50,-130.50,-131.81
C2,2025-10-17,1,TIME,130.50,188.75,187.44
C2,2025-10-24,1,TIME,137.25,3.38,2.07
C2,2025-10-30,-1,TIME,137.25,131.38,130.07
C2,2025-11-03,-1,TIME,136.95,74.78,73.47
C2,2025-11-04,-1,STOP,138.30,-138.30,-139.61
C2,2025-11-05,1,TIME,138.75,174.12,172.82
C2,2025-11-07,-1,TIME,144.30,-77.40,-78.71
C2,2025-11-10,1,STOP,148.80,-148.80,-150.11
C2,2025-11-13,-1,TIME,150.30,339.60,338.29
C2,2025-11-14,-1,STOP,150.30,-150.30,-151.61
C2,2025-11-17,1,STOP,150.30,-150.30,-151.61
C2,2025-11-18,1,STOP,157.05,-157.05,-158.36
C2,2025-11-21,-1,STOP,166.20,-166.20,-167.50
C2,2025-12-11,-1,TIME,176.62,-145.81,-147.12
C2,2026-01-15,-1,TIME,172.05,136.72,135.42
C2,2026-01-20,1,STOP,165.22,-165.22,-166.53
C2,2026-01-26,1,TIME,164.40,32.80,31.49
C2,2026-01-30,1,STOP,153.75,-153.75,-155.06
C2,2026-02-02,1,TIME,153.75,237.12,235.82
C2,2026-02-05,-1,STOP,153.75,-153.75,-155.06
C2,2026-02-06,1,TIME,158.92,372.29,370.98
C2,2026-02-09,-1,STOP,164.10,-164.10,-165.40
C2,2026-02-11,-1,TIME,164.10,17.70,16.40
C2,2026-02-17,1,STOP,173.32,-173.32,-174.63
C2,2026-03-02,1,TIME,189.60,281.45,280.15
C2,2026-03-03,1,STOP,210.30,-210.30,-211.61
C2,2026-03-04,1,TIME,222.07,162.21,160.91
C2,2026-03-06,1,TIME,222.22,-132.36,-133.67
C2,2026-03-09,-1,STOP,222.22,-222.22,-223.53
C2,2026-03-23,1,STOP,223.35,-223.35,-224.65
C2,2026-03-30,-1,TIME,232.05,266.72,265.42
C2,2026-04-02,1,TIME,234.60,314.70,313.40
C2,2026-04-08,-1,TIME,243.30,31.35,30.04
C2,2026-04-28,-1,TIME,214.50,-118.00,-119.31
C2,2026-04-30,-1,STOP,199.95,-199.95,-201.25
C2,2026-05-06,1,TIME,196.05,206.22,204.92
C2,2026-05-08,1,TIME,199.65,329.17,327.87
C2,2026-05-13,-1,STOP,199.65,-199.65,-200.96
C2,2026-05-15,-1,STOP,197.85,-197.85,-199.15
C2,2026-05-18,-1,TIME,199.65,140.92,139.62
C2,2026-05-19,1,STOP,199.65,-199.65,-200.96
C2,2026-06-04,-1,STOP,199.80,-199.80,-201.11
C2,2026-06-05,-1,TIME,199.80,817.85,816.54
C2,2026-06-08,-1,STOP,199.80,-199.80,-201.11
C2,2026-06-09,-1,STOP,199.80,-199.80,-201.11
C2,2026-06-10,1,STOP,199.80,-199.80,-201.11
C2,2026-06-11,-1,STOP,204.07,-204.07,-205.38
C2,2026-06-12,-1,STOP,204.07,-204.07,-205.38
C2,2026-06-15,1,TIME,208.20,104.15,102.85
C2,2026-06-18,-1,STOP,232.80,-232.80,-234.11
C2,2026-06-22,1,STOP,233.85,-233.85,-235.15
C2,2026-06-23,1,STOP,234.15,-234.15,-235.46
C2,2026-06-26,-1,STOP,236.55,-236.55,-237.86
C2,2026-07-08,1,STOP,255.90,-255.90,-257.21
C2,2026-07-14,-1,TIME,255.90,-138.45,-139.76
C2,2026-07-17,-1,STOP,271.80,-271.80,-273.11
C2,2026-07-23,1,STOP,255.90,-255.90,-257.21
C2,2026-07-30,1,TIME,270.75,197.88,196.57
C3,2019-11-07,1,TIME,23.02,14.49,13.18
C3,2019-11-15,-1,TIME,21.38,-8.44,-9.74
C3,2019-11-18,-1,STOP,21.38,-21.38,-22.68
C3,2019-11-19,-1,TIME,21.38,7.31,6.01
C3,2019-11-21,-1,TIME,21.00,3.00,1.70
C3,2019-12-03,-1,STOP,20.93,-20.92,-22.23
C3,2019-12-04,-1,STOP,20.93,-20.92,-22.23
C3,2019-12-06,1,TIME,19.80,19.35,18.05
C3,2019-12-10,-1,STOP,19.54,-19.54,-20.84
C3,2019-12-13,-1,STOP,18.22,-18.22,-19.53
C3,2019-12-20,-1,TIME,16.65,-12.58,-13.88
C3,2020-01-02,1,STOP,16.54,-16.54,-17.84
C3,2020-01-03,1,TIME,16.54,73.98,72.68
C3,2020-01-06,-1,STOP,16.54,-16.54,-17.84
C3,2020-01-08,-1,STOP,16.54,-16.54,-17.84
C3,2020-01-09,1,STOP,16.54,-16.54,-17.84
C3,2020-01-14,1,STOP,17.47,-17.47,-18.78
C3,2020-01-27,-1,STOP,18.90,-18.90,-20.21
C3,2020-01-28,1,STOP,18.90,-18.90,-20.21
C3,2020-01-30,1,STOP,19.05,-19.05,-20.35
C3,2020-01-31,-1,TIME,19.43,136.29,134.98
C3,2020-02-03,1,TIME,19.43,93.54,92.23
C3,2020-02-04,1,STOP,19.43,-19.42,-20.73
C3,2020-02-05,-1,TIME,19.43,93.29,91.98
C3,2020-02-10,1,TIME,21.90,75.30,73.99
C3,2020-02-13,1,TIME,21.90,44.30,42.99
C3,2020-02-24,-1,STOP,23.77,-23.78,-25.08
C3,2020-02-25,1,STOP,24.52,-24.53,-25.83
C3,2020-02-26,1,STOP,24.82,-24.83,-26.13
C3,2020-02-27,0,WHIPSAW,25.50,-25.50,-26.80
C3,2020-02-28,0,WHIPSAW,25.95,-25.95,-27.26
C3,2020-03-02,1,STOP,26.10,-26.10,-27.40
C3,2020-03-04,1,STOP,27.56,-27.56,-28.87
C3,2020-03-05,0,WHIPSAW,27.90,-27.90,-29.21
C3,2020-03-06,1,STOP,30.45,-30.45,-31.76
C3,2020-03-09,-1,STOP,31.65,-31.65,-32.96
C3,2020-03-10,-1,STOP,32.40,-32.40,-33.71
C3,2020-03-12,-1,STOP,35.77,-35.78,-37.08
C3,2020-03-13,1,STOP,36.60,-36.60,-37.90
C3,2020-03-19,-1,STOP,40.80,-40.80,-42.10
C3,2020-03-20,-1,STOP,43.12,-43.12,-44.43
C3,2020-03-23,-1,STOP,46.39,-46.39,-47.69
C3,2020-06-11,1,STOP,54.75,-54.75,-56.05
C3,2020-06-12,1,STOP,54.75,-54.75,-56.05
C3,2020-06-15,1,STOP,54.30,-54.30,-55.60
C3,2020-06-16,-1,TIME,54.75,-0.38,-1.68
C3,2020-06-18,1,STOP,53.85,-53.85,-55.15
C3,2020-06-22,1,TIME,53.85,74.83,73.52
C3,2020-06-23,1,TIME,53.10,55.20,53.90
C3,2020-06-24,1,STOP,51.00,-51.00,-52.30
C3,2020-06-25,-1,STOP,53.10,-53.10,-54.40
C3,2020-07-06,1,TIME,54.04,90.23,88.93
C3,2020-07-14,1,STOP,54.98,-54.97,-56.28
C3,2020-07-16,-1,STOP,56.40,-56.40,-57.71
C3,2020-07-24,-1,STOP,55.61,-55.61,-56.92
C3,2020-07-27,-1,STOP,55.61,-55.61,-56.92
C3,2020-07-30,1,STOP,55.61,-55.61,-56.92
C3,2020-09-01,-1,STOP,58.27,-58.28,-59.58
C3,2020-09-02,-1,TIME,58.27,73.61,72.31
C3,2020-09-03,-1,TIME,58.27,411.61,410.31
C3,2020-09-04,-1,STOP,58.27,-58.28,-59.58
C3,2020-09-08,1,STOP,57.41,-57.41,-58.72
C3,2020-09-09,-1,STOP,57.41,-57.41,-58.72
C3,2020-09-10,-1,STOP,58.84,-58.84,-60.14
C3,2020-09-11,-1,STOP,60.38,-60.38,-61.68
C3,2020-09-15,1,STOP,61.35,-61.35,-62.65
C3,2020-09-17,1,STOP,63.07,-63.08,-64.38
C3,2020-09-21,1,STOP,63.52,-63.53,-64.83
C3,2020-09-28,-1,TIME,63.75,28.62,27.32
C3,2020-09-30,1,TIME,63.52,105.49,104.18
C3,2020-10-01,-1,TIME,63.52,-11.01,-12.32
C3,2020-10-02,1,STOP,63.52,-63.53,-64.83
C3,2020-10-12,-1,STOP,63.52,-63.53,-64.83
C3,2020-10-13,-1,TIME,63.52,10.24,8.93
C3,2020-10-15,1,TIME,64.50,-3.00,-4.30
C3,2020-10-19,-1,TIME,63.52,-2.26,-3.57
C3,2020-10-22,1,TIME,58.27,-1.64,-2.94
C3,2020-11-04,1,STOP,72.38,-72.38,-73.68
C3,2020-11-05,-1,STOP,74.59,-74.59,-75.89
C3,2020-11-09,-1,STOP,74.59,-74.59,-75.89
C3,2020-11-10,1,STOP,75.49,-75.49,-76.79
C3,2020-12-21,1,STOP,49.05,-49.05,-50.35
C3,2020-12-28,-1,STOP,47.32,-47.33,-48.63
C3,2021-01-06,1,STOP,47.32,-47.33,-48.63
C3,2021-01-11,-1,STOP,47.44,-47.44,-48.74
C3,2021-01-19,1,STOP,45.30,-45.30,-46.60
C3,2021-01-25,1,STOP,44.40,-44.40,-45.71
C3,2021-01-27,-1,TIME,44.14,51.93,50.63
C3,2021-01-28,1,STOP,44.66,-44.66,-45.97
C3,2021-01-29,1,STOP,45.19,-45.19,-46.49
C3,2021-02-01,1,STOP,45.45,-45.45,-46.75
C3,2021-02-02,1,TIME,47.10,80.95,79.65
C3,2021-02-17,-1,STOP,45.45,-45.45,-46.75
C3,2021-02-18,1,STOP,47.10,-47.10,-48.40
C3,2021-02-19,-1,TIME,47.77,91.86,90.56
C3,2021-02-22,1,STOP,47.44,-47.44,-48.74
C3,2021-02-23,-1,STOP,47.85,-47.85,-49.15
C3,2021-02-24,1,STOP,47.92,-47.93,-49.23
C3,2021-02-25,1,STOP,48.07,-48.07,-49.38
C3,2021-02-26,1,STOP,48.30,-48.30,-49.60
C3,2021-03-03,1,STOP,49.95,-49.95,-51.25
C3,2021-03-05,-1,TIME,50.32,49.09,47.78
C3,2021-03-08,-1,STOP,53.02,-53.03,-54.33
C3,2021-03-09,1,TIME,53.59,136.21,134.90
C3,2021-03-10,-1,TIME,55.20,114.90,113.59
C3,2021-03-18,1,STOP,61.31,-61.31,-62.62
C3,2021-05-07,-1,STOP,62.02,-62.03,-63.33
C3,2021-05-11,1,TIME,61.65,120.42,119.12
C3,2021-05-12,1,STOP,61.65,-61.65,-62.96
C3,2021-05-13,1,STOP,61.65,-61.65,-62.96
C3,2021-05-19,1,TIME,61.57,134.46,133.16
C3,2021-05-24,1,TIME,61.57,98.21,96.91
C3,2021-06-03,-1,STOP,55.16,-55.16,-56.47
C3,2021-06-04,1,TIME,54.23,120.64,119.33
C3,2021-06-18,1,STOP,52.80,-52.80,-54.11
C3,2021-06-21,-1,STOP,52.42,-52.43,-53.73
C3,2021-07-02,1,TIME,48.15,33.67,32.37
C3,2021-07-08,-1,STOP,48.75,-48.75,-50.05
C3,2021-07-13,1,TIME,48.64,99.18,97.88
C3,2021-07-14,-1,STOP,48.19,-48.19,-49.49
C3,2021-07-19,1,STOP,48.19,-48.19,-49.49
C3,2021-07-28,1,STOP,43.12,-43.12,-44.43
C3,2021-07-30,1,TIME,41.10,79.45,78.15
C3,2021-08-09,1,STOP,39.71,-39.71,-41.02
C3,2021-08-11,1,STOP,39.23,-39.22,-40.53
C3,2021-08-17,-1,STOP,40.20,-40.20,-41.50
C3,2021-08-19,1,TIME,42.00,190.25,188.94
C3,2021-08-20,1,TIME,42.00,72.25,70.94
C3,2021-08-31,-1,TIME,42.00,-7.50,-8.80
C3,2021-09-03,1,TIME,40.20,68.90,67.60
C3,2021-09-13,-1,TIME,42.64,82.43,81.13
C3,2021-09-20,-1,STOP,43.05,-43.05,-44.36
C3,2021-09-21,-1,STOP,44.85,-44.85,-46.15
C3,2021-09-22,-1,STOP,44.85,-44.85,-46.15
C3,2021-09-24,1,TIME,46.80,51.85,50.54
C3,2021-09-27,1,STOP,44.85,-44.85,-46.15
C3,2021-09-28,1,STOP,44.85,-44.85,-46.15
C3,2021-09-29,1,STOP,44.85,-44.85,-46.15
C3,2021-10-01,1,STOP,47.17,-47.18,-48.48
C3,2021-10-04,-1,TIME,47.17,278.16,276.86
C3,2021-10-06,1,STOP,48.23,-48.22,-49.53
C3,2021-10-07,1,TIME,48.23,77.39,76.08
C3,2021-10-08,-1,TIME,48.23,74.39,73.08
C3,2021-10-12,-1,TIME,48.75,78.12,76.82
C3,2021-10-14,-1,STOP,48.23,-48.22,-49.53
C3,2021-11-29,1,STOP,54.71,-54.71,-56.02
C3,2021-11-30,-1,STOP,54.71,-54.71,-56.02
C3,2021-12-01,-1,STOP,57.86,-57.86,-59.17
C3,2021-12-02,-1,STOP,57.86,-57.86,-59.17
C3,2021-12-03,-1,STOP,59.10,-59.10,-60.40
C3,2021-12-07,1,TIME,60.00,185.00,183.69
C3,2021-12-14,1,STOP,60.00,-60.00,-61.30
C3,2021-12-17,1,STOP,60.26,-60.26,-61.57
C3,2021-12-20,-1,STOP,61.88,-61.88,-63.18
C3,2022-01-07,-1,STOP,67.01,-67.01,-68.32
C3,2022-01-10,0,WHIPSAW,67.58,-67.57,-68.88
C3,2022-01-14,1,TIME,71.33,19.09,17.78
C3,2022-01-18,-1,STOP,73.12,-73.12,-74.43
C3,2022-01-24,-1,STOP,80.10,-80.10,-81.40
C3,2022-01-25,1,STOP,80.25,-80.25,-81.56
C3,2022-01-26,-1,STOP,82.27,-82.28,-83.58
C3,2022-01-27,-1,STOP,89.17,-89.18,-90.48
C3,2022-01-28,-1,STOP,90.08,-90.07,-91.38
C3,2022-02-04,1,STOP,91.72,-91.72,-93.03
C3,2022-02-15,1,TIME,91.72,-49.86,-51.17
C3,2022-02-22,1,STOP,93.49,-93.49,-94.79
C3,2022-02-24,1,TIME,99.79,339.61,338.30
C3,2022-03-09,-1,STOP,108.00,-108.00,-109.31
C3,2022-03-11,-1,TIME,108.00,211.25,209.94
C3,2022-04-12,-1,STOP,92.40,-92.40,-93.71
C3,2022-04-27,1,STOP,95.25,-95.25,-96.56
C3,2022-04-29,-1,STOP,100.50,-100.50,-101.81
C3,2022-05-09,1,STOP,100.50,-100.50,-101.81
C3,2022-05-10,-1,TIME,101.62,220.19,218.88
C3,2022-05-11,1,STOP,103.16,-103.16,-104.47
C3,2022-05-12,1,STOP,103.16,-103.16,-104.47
C3,2022-05-13,-1,STOP,105.11,-105.11,-106.42
C3,2022-05-17,-1,TIME,105.11,-29.06,-30.36
C3,2022-06-03,-1,STOP,100.50,-100.50,-101.81
C3,2022-06-10,-1,TIME,103.58,140.21,138.91
C3,2022-06-13,1,STOP,105.11,-105.11,-106.42
C3,2022-06-16,-1,TIME,103.58,94.96,93.66
C3,2022-07-05,-1,STOP,97.35,-97.35,-98.65
C3,2022-07-13,1,TIME,90.00,217.00,215.69
C3,2022-08-05,1,TIME,83.25,37.88,36.57
C3,2022-08-10,-1,STOP,82.95,-82.95,-84.25
C3,2022-08-17,1,STOP,80.77,-80.78,-82.08
C3,2022-08-19,-1,TIME,79.46,58.27,56.96
C3,2022-08-22,-1,TIME,77.81,67.34,66.04
C3,2022-08-25,-1,STOP,72.45,-72.45,-73.75
C3,2022-08-26,-1,STOP,69.15,-69.15,-70.46
C3,2022-08-30,-1,TIME,68.55,207.98,206.67
C3,2022-09-01,1,STOP,69.75,-69.75,-71.06
C3,2022-09-02,-1,STOP,71.02,-71.03,-72.33
C3,2022-09-08,-1,STOP,73.42,-73.42,-74.73
C3,2022-09-13,1,STOP,71.70,-71.70,-73.01
C3,2022-09-19,1,TIME,71.70,93.40,92.09
C3,2022-09-20,1,TIME,71.70,-1.85,-3.16
C3,2022-09-22,1,STOP,71.02,-71.03,-72.33
C3,2022-09-23,-1,TIME,67.35,73.33,72.02
C3,2022-09-26,1,STOP,71.02,-71.03,-72.33
C3,2022-09-27,1,STOP,71.02,-71.03,-72.33
C3,2022-09-28,-1,STOP,71.02,-71.03,-72.33
C3,2022-09-29,-1,TIME,71.02,171.74,170.43
C3,2022-09-30,1,STOP,71.02,-71.03,-72.33
C3,2022-10-03,-1,STOP,71.02,-71.03,-72.33
C3,2022-10-04,1,TIME,71.70,49.90,48.59
C3,2022-10-06,1,STOP,71.70,-71.70,-73.01
C3,2022-10-07,-1,TIME,71.02,173.74,172.43
C3,2022-10-13,-1,STOP,67.35,-67.35,-68.65
C3,2022-10-14,-1,TIME,71.02,324.24,322.93
C3,2022-10-17,1,TIME,71.70,56.90,55.59
C3,2022-10-18,-1,TIME,71.02,172.24,170.93
C3,2022-10-19,1,TIME,71.70,-47.85,-49.16
C3,2022-10-24,-1,STOP,72.75,-72.75,-74.06
C3,2022-11-04,-1,STOP,81.75,-81.75,-83.06
C3,2022-11-10,-1,STOP,81.75,-81.75,-83.06
C3,2022-11-15,1,STOP,81.45,-81.45,-82.76
C3,2022-11-17,1,TIME,81.45,146.52,145.22
C3,2022-12-02,1,TIME,77.92,35.29,33.98
C3,2022-12-13,-1,TIME,69.90,357.30,355.99
C3,2022-12-15,-1,TIME,70.58,202.71,201.41
C3,2023-01-03,-1,STOP,68.10,-68.10,-69.40
C3,2023-01-06,-1,STOP,66.45,-66.45,-67.76
C3,2023-01-12,-1,STOP,64.65,-64.65,-65.96
C3,2023-01-25,-1,STOP,63.22,-63.22,-64.53
C3,2023-01-30,1,STOP,63.64,-63.64,-64.94
C3,2023-02-02,1,TIME,63.22,124.89,123.58
C3,2023-02-03,1,TIME,63.22,126.64,125.33
C3,2023-02-09,-1,TIME,64.50,154.00,152.69
C3,2023-02-14,-1,STOP,64.76,-64.76,-66.07
C3,2023-02-16,1,TIME,64.72,89.39,88.08
C3,2023-02-24,1,STOP,64.76,-64.76,-66.07
C3,2023-03-10,-1,STOP,63.26,-63.26,-64.57
C3,2023-03-13,1,STOP,63.30,-63.30,-64.60
C3,2023-03-14,1,TIME,64.01,83.74,82.44
C3,2023-03-15,1,STOP,63.26,-63.26,-64.57
C3,2023-03-20,-1,STOP,65.14,-65.14,-66.44
C3,2023-04-10,-1,STOP,61.50,-61.50,-62.80
C3,2023-04-12,-1,TIME,61.50,41.00,39.70
C3,2023-05-10,1,STOP,55.73,-55.72,-57.03
C3,2023-05-23,1,STOP,53.17,-53.18,-54.48
C3,2023-05-24,1,STOP,52.95,-52.95,-54.25
C3,2023-05-25,-1,STOP,51.00,-51.00,-52.30
C3,2023-05-26,1,TIME,51.00,275.00,273.69
C3,2023-05-30,-1,STOP,50.85,-50.85,-52.15
C3,2023-06-08,1,TIME,48.98,114.51,113.21
C3,2023-06-13,1,STOP,51.82,-51.82,-53.13
C3,2023-06-15,-1,STOP,51.94,-51.94,-53.24
C3,2023-06-16,-1,TIME,51.94,41.03,39.73
C3,2023-06-23,1,STOP,53.25,-53.25,-54.55
C3,2023-06-30,1,TIME,54.64,77.18,75.88
C3,2023-07-06,-1,TIME,54.64,-50.07,-51.37
C3,2023-07-07,-1,STOP,53.62,-53.62,-54.93
C3,2023-07-12,1,STOP,53.62,-53.62,-54.93
C3,2023-07-21,-1,STOP,54.64,-54.64,-55.94
C3,2023-07-27,1,STOP,54.64,-54.64,-55.94
C3,2023-07-28,1,TIME,54.64,88.18,86.88
C3,2023-08-02,-1,TIME,54.64,161.93,160.63
C3,2023-08-03,1,TIME,55.76,124.12,122.81
C3,2023-08-08,-1,TIME,55.20,82.40,81.10
C3,2023-08-11,-1,STOP,55.20,-55.20,-56.50
C3,2023-08-14,-1,STOP,55.20,-55.20,-56.50
C3,2023-08-15,1,STOP,56.32,-56.32,-57.63
C3,2023-08-22,-1,TIME,56.32,78.59,77.28
C3,2023-09-07,-1,STOP,54.07,-54.07,-55.38
C3,2023-09-21,1,STOP,54.98,-54.97,-56.28
C3,2023-09-25,-1,STOP,53.40,-53.40,-54.71
C3,2023-09-29,1,STOP,53.92,-53.93,-55.23
C3,2023-10-02,1,TIME,53.92,-9.71,-11.02
C3,2023-10-03,1,STOP,54.07,-54.07,-55.38
C3,2023-10-04,1,TIME,54.98,91.76,90.46
C3,2023-10-06,1,STOP,55.12,-55.12,-56.43
C3,2023-10-23,-1,STOP,61.12,-61.12,-62.43
C3,2023-11-02,1,STOP,61.05,-61.05,-62.36
C3,2023-11-14,1,TIME,59.55,34.22,32.92
C3,2023-12-04,-1,TIME,59.06,-32.53,-33.84
C3,2023-12-21,1,STOP,55.27,-55.28,-56.58
C3,2024-01-02,-1,TIME,51.60,117.20,115.90
C3,2024-01-03,-1,STOP,51.64,-51.64,-52.94
C3,2024-01-04,1,TIME,51.30,22.85,21.54
C3,2024-01-05,1,TIME,50.96,0.02,-1.29
C3,2024-01-08,1,TIME,50.92,175.79,174.48
C3,2024-01-09,1,TIME,50.92,148.79,147.48
C3,2024-01-11,1,STOP,51.30,-51.30,-52.61
C3,2024-01-12,-1,STOP,51.30,-51.30,-52.61
C3,2024-01-16,1,STOP,50.66,-50.66,-51.97
C3,2024-01-17,-1,TIME,50.92,-14.46,-15.77
C3,2024-01-18,1,TIME,51.67,-18.09,-19.39
C3,2024-01-19,1,TIME,51.67,105.41,104.11
C3,2024-01-24,-1,STOP,50.92,-50.93,-52.23
C3,2024-01-26,-1,STOP,52.05,-52.05,-53.36
C3,2024-02-02,-1,STOP,53.48,-53.47,-54.78
C3,2024-02-07,-1,STOP,53.70,-53.70,-55.00
C3,2024-02-13,-1,STOP,53.62,-53.62,-54.93
C3,2024-02-20,1,STOP,54.90,-54.90,-56.21
C3,2024-02-22,-1,STOP,54.98,-54.97,-56.28
C3,2024-02-29,1,STOP,54.75,-54.75,-56.05
C3,2024-03-06,-1,STOP,56.21,-56.21,-57.52
C3,2024-03-07,1,STOP,56.89,-56.89,-58.19
C3,2024-03-08,1,STOP,57.15,-57.15,-58.46
C3,2024-03-12,-1,STOP,58.05,-58.05,-59.36
C3,2024-03-15,-1,TIME,58.80,112.85,111.54
C3,2024-03-18,1,STOP,58.80,-58.80,-60.11
C3,2024-03-19,-1,STOP,58.05,-58.05,-59.36
C3,2024-04-02,-1,TIME,57.38,-25.69,-26.99
C3,2024-04-04,-1,TIME,57.82,-41.41,-42.72
C3,2024-04-10,1,STOP,58.05,-58.05,-59.36
C3,2024-04-11,-1,STOP,58.05,-58.05,-59.36
C3,2024-04-12,1,STOP,58.05,-58.05,-59.36
C3,2024-04-15,-1,TIME,58.39,201.31,200.00
C3,2024-04-17,-1,TIME,58.72,278.89,277.58
C3,2024-04-19,-1,TIME,58.95,189.78,188.47
C3,2024-05-03,-1,STOP,66.94,-66.94,-68.24
C3,2024-05-23,-1,TIME,51.00,106.00,104.69
C3,2024-05-29,1,TIME,57.82,79.09,77.78
C3,2024-05-31,-1,STOP,51.00,-51.00,-52.30
C3,2024-06-07,-1,STOP,58.27,-58.28,-59.58
C3,2024-06-12,1,TIME,63.90,72.80,71.49
C3,2024-06-26,1,TIME,56.14,11.43,10.13
C3,2024-07-02,1,TIME,49.84,119.58,118.28
C3,2024-07-05,1,TIME,49.05,119.72,118.42
C3,2024-07-12,1,TIME,48.94,161.78,160.48
C3,2024-07-15,1,STOP,49.05,-49.05,-50.36
C3,2024-07-17,-1,TIME,53.10,166.20,164.90
C3,2024-07-19,-1,STOP,57.45,-57.45,-58.75
C3,2024-07-22,-1,STOP,60.90,-60.90,-62.21
C3,2024-07-24,-1,TIME,63.86,287.32,286.01
C3,2024-07-25,-1,STOP,63.86,-63.86,-65.17
C3,2024-07-26,-1,STOP,64.27,-64.28,-65.58
C3,2024-07-30,-1,TIME,66.19,432.91,431.60
C3,2024-07-31,-1,STOP,68.47,-68.47,-69.78
C3,2024-08-02,-1,STOP,73.16,-73.16,-74.47
C3,2024-08-05,-1,STOP,76.12,-76.12,-77.43
C3,2024-08-06,1,STOP,76.50,-76.50,-77.81
C3,2024-08-07,1,STOP,77.47,-77.47,-78.78
C3,2024-08-08,-1,STOP,78.75,-78.75,-80.06
C3,2024-08-29,1,TIME,84.19,114.66,113.35
C3,2024-09-19,-1,STOP,89.10,-89.10,-90.40
C3,2024-10-04,-1,TIME,83.47,33.76,32.46
C3,2024-10-17,-1,TIME,78.83,73.09,71.78
C3,2024-10-31,-1,TIME,74.25,241.62,240.32
C3,2024-11-04,-1,STOP,73.20,-73.20,-74.50
C3,2024-11-06,1,STOP,71.55,-71.55,-72.86
C3,2024-11-15,-1,TIME,69.34,244.58,243.28
C3,2024-11-18,-1,STOP,69.34,-69.34,-70.64
C3,2024-11-19,1,TIME,68.89,132.81,131.50
C3,2024-11-21,-1,TIME,68.89,24.06,22.75
C3,2024-11-26,1,TIME,69.34,8.08,6.78
C3,2024-12-11,1,TIME,67.50,153.00,151.69
C3,2024-12-18,-1,STOP,65.36,-65.36,-66.67
C3,2024-12-19,-1,TIME,65.36,131.32,130.01
C3,2024-12-20,1,STOP,66.94,-66.94,-68.24
C3,2024-12-23,1,STOP,67.50,-67.50,-68.81
C3,2024-12-26,1,STOP,68.40,-68.40,-69.71
C3,2024-12-30,-1,STOP,69.45,-69.45,-70.75
C3,2025-01-02,-1,STOP,69.90,-69.90,-71.21
C3,2025-01-06,1,TIME,72.38,26.06,24.76
C3,2025-01-08,-1,STOP,74.02,-74.03,-75.33
C3,2025-01-10,-1,TIME,74.47,124.01,122.71
C3,2025-01-13,-1,STOP,75.04,-75.04,-76.34
C3,2025-01-15,-1,STOP,76.80,-76.80,-78.11
C3,2025-01-17,-1,TIME,76.80,-14.65,-15.96
C3,2025-01-21,-1,TIME,77.40,-67.45,-68.76
C3,2025-01-27,1,TIME,76.20,-9.10,-10.40
C3,2025-02-03,1,STOP,77.40,-77.40,-78.71
C3,2025-02-04,1,TIME,77.40,155.80,154.49
C3,2025-02-10,1,TIME,78.97,60.51,59.21
C3,2025-03-11,1,STOP,91.65,-91.65,-92.96
C3,2025-03-12,1,STOP,93.67,-93.68,-94.98
C3,2025-04-02,1,TIME,104.47,417.51,416.21
C3,2025-04-03,1,STOP,109.88,-109.88,-111.18
C3,2025-04-04,1,STOP,114.52,-114.53,-115.83
C3,2025-04-07,-1,STOP,114.60,-114.60,-115.90
C3,2025-04-08,-1,STOP,117.97,-117.97,-119.28
C3,2025-04-09,1,TIME,117.97,281.51,280.21
C3,2025-04-10,1,STOP,122.02,-122.03,-123.33
C3,2025-04-11,1,STOP,122.10,-122.10,-123.40
C3,2025-05-12,-1,TIME,123.97,-20.74,-22.04
C3,2025-05-23,1,TIME,109.69,78.41,77.10
C3,2025-05-29,-1,TIME,109.50,153.75,152.44
C3,2025-06-06,1,STOP,108.52,-108.53,-109.83
C3,2025-06-13,1,STOP,92.77,-92.78,-94.08
C3,2025-06-16,1,TIME,87.56,104.47,103.16
C3,2025-06-20,1,STOP,83.70,-83.70,-85.00
C3,2025-06-23,-1,STOP,82.95,-82.95,-84.25
C3,2025-06-24,1,TIME,83.70,66.65,65.35
C3,2025-07-11,1,STOP,67.88,-67.88,-69.18
C3,2025-07-15,-1,TIME,67.39,70.56,69.25
C3,2025-07-31,-1,TIME,64.72,141.89,140.58
C3,2025-08-01,-1,TIME,64.72,173.39,172.08
C3,2025-08-04,1,TIME,64.72,142.64,141.33
C3,2025-08-06,1,TIME,64.72,171.14,169.83
C3,2025-08-07,1,STOP,64.95,-64.95,-66.25
C3,2025-08-12,1,STOP,64.72,-64.72,-66.03
C3,2025-08-22,-1,STOP,64.72,-64.72,-66.03
C3,2025-08-28,1,STOP,62.40,-62.40,-63.71
C3,2025-09-02,-1,STOP,62.40,-62.40,-63.71
C3,2025-09-05,-1,TIME,64.58,192.21,190.91
C3,2025-09-10,-1,TIME,62.40,42.55,41.24
C3,2025-09-18,1,STOP,62.32,-62.32,-63.63
C3,2025-09-25,-1,STOP,64.72,-64.72,-66.03
C3,2025-09-26,-1,STOP,64.72,-64.72,-66.03
C3,2025-09-29,1,TIME,65.17,-52.09,-53.39
C3,2025-10-01,1,STOP,65.10,-65.10,-66.40
C3,2025-10-06,-1,TIME,65.25,-20.12,-21.43
C3,2025-10-13,-1,STOP,65.17,-65.18,-66.48
C3,2025-10-14,-1,STOP,65.25,-65.25,-66.56
C3,2025-10-15,-1,STOP,65.25,-65.25,-66.56
C3,2025-10-16,1,STOP,65.25,-65.25,-66.56
C3,2025-10-17,0,WHIPSAW,65.25,-65.25,-66.56
C3,2025-10-24,-1,STOP,68.62,-68.62,-69.93
C3,2025-10-30,-1,STOP,68.62,-68.62,-69.93
C3,2025-11-03,-1,TIME,68.47,49.01,47.71
C3,2025-11-04,-1,STOP,69.15,-69.15,-70.46
C3,2025-11-05,1,STOP,69.38,-69.38,-70.68
C3,2025-11-07,-1,TIME,72.15,240.42,239.12
C3,2025-11-10,1,STOP,74.40,-74.40,-75.71
C3,2025-11-13,-1,TIME,75.15,299.67,298.37
C3,2025-11-14,1,STOP,75.15,-75.15,-76.46
C3,2025-11-17,-1,STOP,75.15,-75.15,-76.46
C3,2025-11-18,1,STOP,78.52,-78.53,-79.83
C3,2025-11-21,1,STOP,83.10,-83.10,-84.40
C3,2025-12-11,-1,TIME,88.31,9.84,8.54
C3,2026-01-15,-1,TIME,86.02,23.49,22.18
C3,2026-01-20,1,TIME,82.61,6.69,5.39
C3,2026-01-26,-1,STOP,82.20,-82.20,-83.50
C3,2026-01-30,1,STOP,76.88,-76.88,-78.18
C3,2026-02-02,1,TIME,76.88,350.06,348.76
C3,2026-02-05,-1,STOP,76.88,-76.88,-78.18
C3,2026-02-06,-1,STOP,79.46,-79.46,-80.77
C3,2026-02-09,-1,STOP,82.05,-82.05,-83.36
C3,2026-02-11,1,STOP,82.05,-82.05,-83.36
C3,2026-02-17,0,WHIPSAW,86.66,-86.66,-87.97
C3,2026-03-02,1,TIME,94.80,369.85,368.54
C3,2026-03-03,1,STOP,105.15,-105.15,-106.46
C3,2026-03-04,1,TIME,111.04,267.73,266.43
C3,2026-03-06,-1,STOP,111.11,-111.11,-112.42
C3,2026-03-09,1,STOP,111.11,-111.11,-112.42
C3,2026-03-23,-1,STOP,111.67,-111.68,-112.98
C3,2026-03-30,-1,TIME,116.02,170.99,169.68
C3,2026-04-02,-1,STOP,117.30,-117.30,-118.61
C3,2026-04-08,-1,TIME,121.65,-9.08,-10.38
C3,2026-04-28,-1,STOP,107.25,-107.25,-108.56
C3,2026-04-30,-1,TIME,99.97,74.26,72.96
C3,2026-05-06,-1,STOP,98.02,-98.03,-99.33
C3,2026-05-08,1,TIME,99.83,314.34,313.03
C3,2026-05-13,-1,STOP,99.83,-99.82,-101.13
C3,2026-05-15,-1,STOP,98.92,-98.93,-100.23
C3,2026-05-18,-1,TIME,99.83,260.09,258.78
C3,2026-05-19,1,STOP,99.83,-99.82,-101.13
C3,2026-06-04,-1,STOP,99.90,-99.90,-101.21
C3,2026-06-05,1,STOP,99.90,-99.90,-101.21
C3,2026-06-08,1,STOP,99.90,-99.90,-101.21
C3,2026-06-09,-1,STOP,99.90,-99.90,-101.21
C3,2026-06-10,1,STOP,99.90,-99.90,-101.21
C3,2026-06-11,-1,STOP,102.04,-102.04,-103.34
C3,2026-06-12,-1,STOP,102.04,-102.04,-103.34
C3,2026-06-15,1,TIME,104.10,185.70,184.40
C3,2026-06-18,-1,STOP,116.40,-116.40,-117.71
C3,2026-06-22,1,STOP,116.92,-116.93,-118.23
C3,2026-06-23,-1,STOP,117.07,-117.07,-118.38
C3,2026-06-26,-1,STOP,118.27,-118.28,-119.58
C3,2026-07-08,1,STOP,127.95,-127.95,-129.25
C3,2026-07-14,-1,STOP,127.95,-127.95,-129.25
C3,2026-07-17,1,STOP,135.90,-135.90,-137.21
C3,2026-07-23,1,STOP,127.95,-127.95,-129.25
C3,2026-07-30,1,TIME,135.38,184.06,182.76
C4,2019-11-07,1,TIME,46.05,2.98,1.67
C4,2019-11-15,-1,TIME,42.75,-19.12,-20.43
C4,2019-11-18,-1,TIME,42.75,-24.62,-25.93
C4,2019-11-19,-1,TIME,42.75,-3.38,-4.68
C4,2019-11-21,-1,TIME,42.00,-7.50,-8.80
C4,2019-12-03,-1,TIME,41.85,-20.92,-22.23
C4,2019-12-04,0,NOTRIG,41.85,,
C4,2019-12-06,1,TIME,39.60,9.45,8.15
C4,2019-12-10,-1,STOP,39.07,-39.08,-40.38
C4,2019-12-13,1,TIME,36.45,26.77,25.47
C4,2019-12-20,-1,TIME,33.30,-20.90,-22.20
C4,2020-01-02,1,STOP,33.07,-33.08,-34.38
C4,2020-01-03,1,TIME,33.07,65.71,64.41
C4,2020-01-06,1,TIME,33.07,66.46,65.16
C4,2020-01-08,1,TIME,33.07,64.96,63.66
C4,2020-01-09,1,STOP,33.07,-33.08,-34.38
C4,2020-01-14,-1,TIME,34.95,-22.98,-24.28
C4,2020-01-27,-1,STOP,37.80,-37.80,-39.10
C4,2020-01-28,-1,STOP,37.80,-37.80,-39.10
C4,2020-01-30,1,STOP,38.10,-38.10,-39.40
C4,2020-01-31,-1,TIME,38.85,126.58,125.27
C4,2020-02-03,1,TIME,38.85,83.83,82.52
C4,2020-02-04,-1,STOP,38.85,-38.85,-40.15
C4,2020-02-05,-1,TIME,38.85,83.58,82.27
C4,2020-02-10,1,TIME,43.80,64.35,63.05
C4,2020-02-13,1,TIME,43.80,33.35,32.05
C4,2020-02-24,-1,STOP,47.55,-47.55,-48.85
C4,2020-02-25,1,STOP,49.05,-49.05,-50.35
C4,2020-02-26,1,TIME,49.65,17.42,16.12
C4,2020-02-27,1,STOP,51.00,-51.00,-52.30
C4,2020-02-28,0,WHIPSAW,51.90,-51.90,-53.21
C4,2020-03-02,1,STOP,52.20,-52.20,-53.51
C4,2020-03-04,1,STOP,55.12,-55.12,-56.43
C4,2020-03-05,1,STOP,55.80,-55.80,-57.10
C4,2020-03-06,1,TIME,60.90,6.80,5.49
C4,2020-03-09,-1,STOP,63.30,-63.30,-64.60
C4,2020-03-10,-1,TIME,64.80,102.35,101.05
C4,2020-03-12,-1,STOP,71.55,-71.55,-72.85
C4,2020-03-13,1,STOP,73.20,-73.20,-74.51
C4,2020-03-19,-1,STOP,81.60,-81.60,-82.90
C4,2020-03-20,-1,STOP,86.25,-86.25,-87.56
C4,2020-03-23,-1,STOP,92.77,-92.78,-94.08
C4,2020-06-11,1,STOP,109.50,-109.50,-110.81
C4,2020-06-12,-1,TIME,109.50,71.50,70.19
C4,2020-06-15,1,TIME,108.60,106.70,105.40
C4,2020-06-16,-1,TIME,109.50,-27.75,-29.05
C4,2020-06-18,0,NOTRIG,107.70,,
C4,2020-06-22,1,TIME,107.70,47.90,46.59
C4,2020-06-23,1,TIME,106.20,28.65,27.34
C4,2020-06-24,1,STOP,102.00,-102.00,-103.31
C4,2020-06-25,-1,TIME,106.20,-67.10,-68.41
C4,2020-07-06,1,TIME,108.08,63.21,61.91
C4,2020-07-14,1,STOP,109.95,-109.95,-111.26
C4,2020-07-16,-1,TIME,112.80,-42.40,-43.70
C4,2020-07-24,-1,STOP,111.22,-111.22,-112.53
C4,2020-07-27,1,TIME,111.22,-14.11,-15.42
C4,2020-07-30,1,TIME,111.22,62.39,61.08
C4,2020-09-01,-1,STOP,116.55,-116.55,-117.85
C4,2020-09-02,-1,TIME,116.55,44.48,43.17
C4,2020-09-03,-1,TIME,116.55,382.48,381.17
C4,2020-09-04,1,STOP,116.55,-116.55,-117.85
C4,2020-09-08,1,TIME,114.83,60.09,58.78
C4,2020-09-09,-1,STOP,114.83,-114.83,-116.13
C4,2020-09-10,-1,TIME,117.67,79.16,77.86
C4,2020-09-11,-1,TIME,120.75,156.38,155.07
C4,2020-09-15,1,TIME,122.70,-1.10,-2.41
C4,2020-09-17,1,TIME,126.15,-37.33,-38.63
C4,2020-09-21,1,STOP,127.05,-127.05,-128.35
C4,2020-09-28,-1,TIME,127.50,-3.25,-4.55
C4,2020-09-30,1,TIME,127.05,73.73,72.42
C4,2020-10-01,-1,TIME,127.05,-42.77,-44.08
C4,2020-10-02,1,STOP,127.05,-127.05,-128.35
C4,2020-10-12,1,TIME,127.05,122.23,120.92
C4,2020-10-13,-1,TIME,127.05,-21.52,-22.83
C4,2020-10-15,1,TIME,129.00,-35.25,-36.55
C4,2020-10-19,-1,TIME,127.05,-34.02,-35.33
C4,2020-10-22,0,NOTRIG,116.55,,
C4,2020-11-04,1,TIME,144.75,102.12,100.82
C4,2020-11-05,1,TIME,149.17,-77.09,-78.39
C4,2020-11-09,-1,TIME,149.17,9.41,8.11
C4,2020-11-10,-1,TIME,150.97,-75.49,-76.79
C4,2020-12-21,1,STOP,98.10,-98.10,-99.40
C4,2020-12-28,-1,TIME,94.65,-69.83,-71.13
C4,2021-01-06,1,TIME,94.65,119.92,118.62
C4,2021-01-11,-1,STOP,94.88,-94.88,-96.18
C4,2021-01-19,-1,STOP,90.60,-90.60,-91.90
C4,2021-01-25,1,STOP,88.80,-88.80,-90.11
C4,2021-01-27,-1,TIME,88.27,29.86,28.56
C4,2021-01-28,1,TIME,89.33,168.34,167.03
C4,2021-01-29,-1,STOP,90.38,-90.38,-91.68
C4,2021-02-01,1,STOP,90.90,-90.90,-92.21
C4,2021-02-02,1,TIME,94.20,57.40,56.10
C4,2021-02-17,1,STOP,90.90,-90.90,-92.21
C4,2021-02-18,-1,TIME,94.20,-65.35,-66.65
C4,2021-02-19,-1,TIME,95.55,67.97,66.67
C4,2021-02-22,1,STOP,94.88,-94.88,-96.18
C4,2021-02-23,-1,STOP,95.70,-95.70,-97.00
C4,2021-02-24,-1,STOP,95.85,-95.85,-97.15
C4,2021-02-25,1,STOP,96.15,-96.15,-97.46
C4,2021-02-26,1,STOP,96.60,-96.60,-97.90
C4,2021-03-03,-1,TIME,99.90,136.05,134.74
C4,2021-03-05,-1,TIME,100.65,23.92,22.62
C4,2021-03-08,-1,STOP,106.05,-106.05,-107.35
C4,2021-03-09,1,TIME,107.17,109.41,108.11
C4,2021-03-10,-1,TIME,110.40,87.30,85.99
C4,2021-03-18,-1,TIME,122.62,6.69,5.38
C4,2021-05-07,1,TIME,124.05,-33.03,-34.33
C4,2021-05-11,1,TIME,123.30,89.60,88.29
C4,2021-05-12,1,STOP,123.30,-123.30,-124.61
C4,2021-05-13,1,STOP,123.30,-123.30,-124.61
C4,2021-05-19,1,TIME,123.15,103.67,102.37
C4,2021-05-24,1,TIME,123.15,67.42,66.12
C4,2021-06-03,-1,TIME,110.33,-70.16,-71.47
C4,2021-06-04,1,TIME,108.45,93.53,92.22
C4,2021-06-18,-1,TIME,105.60,-55.05,-56.35
C4,2021-06-21,-1,STOP,104.85,-104.85,-106.15
C4,2021-07-02,1,TIME,96.30,9.60,8.29
C4,2021-07-08,-1,STOP,97.50,-97.50,-98.81
C4,2021-07-13,1,TIME,97.27,74.86,73.56
C4,2021-07-14,-1,TIME,96.38,-15.19,-16.49
C4,2021-07-19,-1,TIME,96.38,7.31,6.01
C4,2021-07-28,-1,STOP,86.25,-86.25,-87.56
C4,2021-07-30,1,TIME,82.20,58.90,57.60
C4,2021-08-09,-1,TIME,79.42,-36.71,-38.02
C4,2021-08-11,-1,TIME,78.45,57.78,56.47
C4,2021-08-17,-1,TIME,80.40,68.30,66.99
C4,2021-08-19,1,TIME,84.00,169.25,167.94
C4,2021-08-20,1,TIME,84.00,51.25,49.95
C4,2021-08-31,-1,TIME,84.00,-28.50,-29.80
C4,2021-09-03,1,TIME,80.40,48.80,47.49
C4,2021-09-13,-1,TIME,85.27,61.11,59.81
C4,2021-09-20,1,STOP,86.10,-86.10,-87.40
C4,2021-09-21,-1,STOP,89.70,-89.70,-91.00
C4,2021-09-22,-1,STOP,89.70,-89.70,-91.00
C4,2021-09-24,1,TIME,93.60,28.45,27.15
C4,2021-09-27,-1,TIME,89.70,8.65,7.35
C4,2021-09-28,-1,TIME,89.70,197.90,196.60
C4,2021-09-29,1,STOP,89.70,-89.70,-91.00
C4,2021-10-01,-1,TIME,94.35,-0.67,-1.98
C4,2021-10-04,-1,TIME,94.35,254.58,253.27
C4,2021-10-06,1,TIME,96.45,33.03,31.72
C4,2021-10-07,1,TIME,96.45,53.28,51.97
C4,2021-10-08,-1,TIME,96.45,50.28,48.97
C4,2021-10-12,-1,TIME,97.50,53.75,52.45
C4,2021-10-14,1,TIME,96.45,68.53,67.22
C4,2021-11-29,1,TIME,109.42,102.04,100.73
C4,2021-11-30,1,STOP,109.42,-109.43,-110.73
C4,2021-12-01,-1,STOP,115.72,-115.72,-117.03
C4,2021-12-02,1,STOP,115.72,-115.72,-117.03
C4,2021-12-03,-1,TIME,118.20,367.40,366.10
C4,2021-12-07,1,TIME,120.00,155.00,153.69
C4,2021-12-14,1,STOP,120.00,-120.00,-121.31
C4,2021-12-17,1,STOP,120.52,-120.53,-121.83
C4,2021-12-20,1,STOP,123.75,-123.75,-125.06
C4,2022-01-07,-1,STOP,134.03,-134.03,-135.33
C4,2022-01-10,-1,TIME,135.15,36.17,34.87
C4,2022-01-14,1,TIME,142.65,-16.58,-17.88
C4,2022-01-18,-1,STOP,146.25,-146.25,-147.56
C4,2022-01-24,-1,TIME,160.20,181.90,180.60
C4,2022-01-25,1,STOP,160.50,-160.50,-161.81
C4,2022-01-26,-1,TIME,164.55,-146.53,-147.83
C4,2022-01-27,-1,TIME,178.35,91.58,90.27
C4,2022-01-28,-1,STOP,180.15,-180.15,-181.46
C4,2022-02-04,1,TIME,183.45,34.03,32.72
C4,2022-02-15,1,TIME,183.45,-95.72,-97.03
C4,2022-02-22,1,TIME,186.97,-146.74,-148.04
C4,2022-02-24,1,TIME,199.57,289.71,288.41
C4,2022-03-09,1,TIME,216.00,10.00,8.70
C4,2022-03-11,-1,TIME,216.00,157.25,155.94
C4,2022-04-12,-1,TIME,184.80,-6.40,-7.71
C4,2022-04-27,1,TIME,190.50,72.25,70.94
C4,2022-04-29,1,STOP,201.00,-201.00,-202.31
C4,2022-05-09,1,STOP,201.00,-201.00,-202.31
C4,2022-05-10,-1,TIME,203.25,169.38,168.07
C4,2022-05-11,1,STOP,206.32,-206.33,-207.63
C4,2022-05-12,1,TIME,206.32,23.09,21.78
C4,2022-05-13,1,TIME,210.22,144.89,143.58
C4,2022-05-17,-1,TIME,210.22,-81.61,-82.92
C4,2022-06-03,-1,TIME,201.00,-28.75,-30.05
C4,2022-06-10,-1,TIME,207.15,88.42,87.12
C4,2022-06-13,1,STOP,210.22,-210.22,-211.53
C4,2022-06-16,-1,TIME,207.15,43.17,41.87
C4,2022-07-05,1,TIME,194.70,32.15,30.84
C4,2022-07-13,1,TIME,180.00,172.00,170.69
C4,2022-08-05,1,TIME,166.50,-3.75,-5.05
C4,2022-08-10,-1,TIME,165.90,-82.20,-83.51
C4,2022-08-17,-1,TIME,161.55,-40.28,-41.58
C4,2022-08-19,-1,TIME,158.92,18.54,17.23
C4,2022-08-22,-1,TIME,155.62,28.44,27.13
C4,2022-08-25,1,TIME,144.90,-60.95,-62.26
C4,2022-08-26,-1,TIME,138.30,269.35,268.04
C4,2022-08-30,-1,TIME,137.10,173.70,172.40
C4,2022-09-01,-1,TIME,139.50,72.25,70.94
C4,2022-09-02,-1,TIME,142.05,104.73,103.42
C4,2022-09-08,1,TIME,146.85,-14.67,-15.98
C4,2022-09-13,-1,TIME,143.40,89.80,88.49
C4,2022-09-19,1,TIME,143.40,57.55,56.24
C4,2022-09-20,1,TIME,143.40,-37.70,-39.01
C4,2022-09-22,-1,TIME,142.05,-11.27,-12.58
C4,2022-09-23,-1,TIME,134.70,39.65,38.34
C4,2022-09-26,1,TIME,142.05,-42.27,-43.58
C4,2022-09-27,1,STOP,142.05,-142.05,-143.35
C4,2022-09-28,1,TIME,142.05,72.23,70.92
C4,2022-09-29,-1,TIME,142.05,136.23,134.92
C4,2022-09-30,1,TIME,142.05,-23.77,-25.08
C4,2022-10-03,1,TIME,142.05,21.98,20.67
C4,2022-10-04,1,TIME,143.40,14.05,12.74
C4,2022-10-06,1,TIME,143.40,-44.95,-46.26
C4,2022-10-07,-1,TIME,142.05,138.23,136.92
C4,2022-10-13,1,TIME,134.70,380.15,378.84
C4,2022-10-14,-1,TIME,142.05,288.73,287.42
C4,2022-10-17,1,TIME,143.40,21.05,19.74
C4,2022-10-18,-1,TIME,142.05,136.73,135.42
C4,2022-10-19,1,TIME,143.40,-83.70,-85.01
C4,2022-10-24,-1,STOP,145.50,-145.50,-146.81
C4,2022-11-04,-1,TIME,163.50,132.25,130.94
C4,2022-11-10,-1,STOP,163.50,-163.50,-164.81
C4,2022-11-15,-1,TIME,162.90,9.55,8.24
C4,2022-11-17,1,TIME,162.90,105.80,104.49
C4,2022-12-02,1,TIME,155.85,-3.67,-4.98
C4,2022-12-13,-1,TIME,139.80,322.35,321.05
C4,2022-12-15,-1,TIME,141.15,167.42,166.12
C4,2023-01-03,-1,TIME,136.20,182.40,181.09
C4,2023-01-06,-1,STOP,132.90,-132.90,-134.21
C4,2023-01-12,-1,TIME,129.30,-114.40,-115.70
C4,2023-01-25,-1,STOP,126.45,-126.45,-127.76
C4,2023-01-30,-1,TIME,127.27,5.86,4.56
C4,2023-02-02,1,TIME,126.45,93.27,91.97
C4,2023-02-03,1,TIME,126.45,95.02,93.72
C4,2023-02-09,-1,TIME,129.00,121.75,120.44
C4,2023-02-14,-1,STOP,129.53,-129.53,-130.83
C4,2023-02-16,1,TIME,129.45,57.02,55.72
C4,2023-02-24,-1,TIME,129.53,-13.26,-14.57
C4,2023-03-10,-1,TIME,126.52,59.74,58.43
C4,2023-03-13,-1,STOP,126.60,-126.60,-127.90
C4,2023-03-14,1,TIME,128.03,51.74,50.43
C4,2023-03-15,1,TIME,126.52,-72.26,-73.57
C4,2023-03-20,-1,STOP,130.28,-130.28,-131.58
C4,2023-04-10,-1,STOP,123.00,-123.00,-124.31
C4,2023-04-12,-1,TIME,123.00,10.25,8.95
C4,2023-05-10,1,STOP,111.45,-111.45,-112.75
C4,2023-05-23,-1,TIME,106.35,-16.92,-18.23
C4,2023-05-24,-1,TIME,105.90,-10.20,-11.51
C4,2023-05-25,-1,TIME,102.00,-79.00,-80.31
C4,2023-05-26,1,TIME,102.00,249.50,248.19
C4,2023-05-30,-1,TIME,101.70,15.90,14.60
C4,2023-06-08,1,TIME,97.95,90.03,88.72
C4,2023-06-13,-1,TIME,103.65,-54.58,-55.88
C4,2023-06-15,1,TIME,103.88,101.81,100.51
C4,2023-06-16,-1,TIME,103.88,15.06,13.76
C4,2023-06-23,-1,STOP,106.50,-106.50,-107.81
C4,2023-06-30,1,TIME,109.27,49.86,48.56
C4,2023-07-06,-1,TIME,109.27,-77.39,-78.69
C4,2023-07-07,1,TIME,107.25,60.38,59.07
C4,2023-07-12,1,STOP,107.25,-107.25,-108.56
C4,2023-07-21,-1,TIME,109.27,58.86,57.56
C4,2023-07-27,1,STOP,109.27,-109.28,-110.58
C4,2023-07-28,1,TIME,109.27,60.86,59.56
C4,2023-08-02,-1,TIME,109.27,134.61,133.31
C4,2023-08-03,1,TIME,111.52,96.24,94.93
C4,2023-08-08,-1,TIME,110.40,54.80,53.49
C4,2023-08-11,1,TIME,110.40,-88.20,-89.51
C4,2023-08-14,1,TIME,110.40,85.05,83.74
C4,2023-08-15,-1,TIME,112.65,6.92,5.62
C4,2023-08-22,-1,TIME,112.65,50.42,49.12
C4,2023-09-07,1,TIME,108.15,-17.33,-18.63
C4,2023-09-21,-1,TIME,109.95,-16.97,-18.28
C4,2023-09-25,1,TIME,106.80,-1.40,-2.71
C4,2023-09-29,1,STOP,107.85,-107.85,-109.15
C4,2023-10-02,1,TIME,107.85,-36.67,-37.98
C4,2023-10-03,1,STOP,108.15,-108.15,-109.46
C4,2023-10-04,1,TIME,109.95,64.28,62.97
C4,2023-10-06,1,TIME,110.25,258.12,256.82
C4,2023-10-23,-1,STOP,122.25,-122.25,-123.56
C4,2023-11-02,1,TIME,122.10,-1.55,-2.85
C4,2023-11-14,1,TIME,119.10,4.45,3.15
C4,2023-12-04,-1,TIME,118.12,-62.06,-63.37
C4,2023-12-21,-1,TIME,110.55,36.22,34.92
C4,2024-01-02,-1,TIME,103.20,91.40,90.10
C4,2024-01-03,-1,TIME,103.27,-40.64,-41.94
C4,2024-01-04,1,TIME,102.60,-2.80,-4.10
C4,2024-01-05,1,TIME,101.92,-25.46,-26.77
C4,2024-01-08,1,TIME,101.85,150.33,149.02
C4,2024-01-09,1,TIME,101.85,123.33,122.02
C4,2024-01-11,1,STOP,102.60,-102.60,-103.90
C4,2024-01-12,-1,TIME,102.60,7.45,6.15
C4,2024-01-16,-1,STOP,101.33,-101.32,-102.63
C4,2024-01-17,-1,TIME,101.85,-39.92,-41.23
C4,2024-01-18,1,TIME,103.35,-43.92,-45.23
C4,2024-01-19,1,TIME,103.35,79.58,78.27
C4,2024-01-24,-1,STOP,101.85,-101.85,-103.15
C4,2024-01-26,-1,STOP,104.10,-104.10,-105.40
C4,2024-02-02,1,TIME,106.95,133.03,131.72
C4,2024-02-07,-1,STOP,107.40,-107.40,-108.71
C4,2024-02-13,1,TIME,107.25,-13.38,-14.68
C4,2024-02-20,1,STOP,109.80,-109.80,-111.11
C4,2024-02-22,1,TIME,109.95,63.78,62.47
C4,2024-02-29,-1,TIME,109.50,-45.25,-46.55
C4,2024-03-06,-1,STOP,112.42,-112.43,-113.73
C4,2024-03-07,-1,STOP,113.77,-113.78,-115.08
C4,2024-03-08,1,STOP,114.30,-114.30,-115.61
C4,2024-03-12,-1,STOP,116.10,-116.10,-117.40
C4,2024-03-15,-1,TIME,117.60,83.45,82.15
C4,2024-03-18,1,TIME,117.60,-88.80,-90.10
C4,2024-03-19,-1,STOP,116.10,-116.10,-117.40
C4,2024-04-02,-1,TIME,114.75,-54.38,-55.68
C4,2024-04-04,-1,TIME,115.65,-70.33,-71.63
C4,2024-04-10,1,TIME,116.10,-3.05,-4.35
C4,2024-04-11,-1,STOP,116.10,-116.10,-117.40
C4,2024-04-12,-1,TIME,116.10,73.70,72.40
C4,2024-04-15,-1,TIME,116.77,172.11,170.81
C4,2024-04-17,-1,TIME,117.45,249.53,248.22
C4,2024-04-19,-1,TIME,117.90,160.30,158.99
C4,2024-05-03,1,TIME,133.88,-55.94,-57.24
C4,2024-05-23,-1,TIME,102.00,80.50,79.19
C4,2024-05-29,1,TIME,115.65,50.17,48.87
C4,2024-05-31,-1,TIME,102.00,262.50,261.19
C4,2024-06-07,1,TIME,116.55,37.47,36.17
C4,2024-06-12,1,TIME,127.80,40.85,39.54
C4,2024-06-26,1,TIME,112.27,-16.64,-17.94
C4,2024-07-02,1,TIME,99.67,94.66,93.36
C4,2024-07-05,1,TIME,98.10,95.20,93.90
C4,2024-07-12,1,TIME,97.88,137.31,136.01
C4,2024-07-15,1,TIME,98.10,-4.80,-6.10
C4,2024-07-17,-1,TIME,106.20,139.65,138.35
C4,2024-07-19,1,STOP,114.90,-114.90,-116.21
C4,2024-07-22,-1,STOP,121.80,-121.80,-123.11
C4,2024-07-24,-1,TIME,127.72,255.39,254.08
C4,2024-07-25,-1,STOP,127.72,-127.72,-129.03
C4,2024-07-26,-1,STOP,128.55,-128.55,-129.86
C4,2024-07-30,-1,TIME,132.38,399.81,398.51
C4,2024-07-31,1,TIME,136.95,-13.72,-15.03
C4,2024-08-02,-1,STOP,146.32,-146.32,-147.63
C4,2024-08-05,1,TIME,152.25,404.12,402.82
C4,2024-08-06,1,STOP,153.00,-153.00,-154.31
C4,2024-08-07,1,STOP,154.95,-154.95,-156.25
C4,2024-08-08,-1,STOP,157.50,-157.50,-158.81
C4,2024-08-29,1,TIME,168.38,72.56,71.26
C4,2024-09-19,-1,STOP,178.20,-178.20,-179.50
C4,2024-10-04,-1,TIME,166.95,-7.97,-9.28
C4,2024-10-17,-1,TIME,157.65,33.67,32.37
C4,2024-10-31,-1,TIME,148.50,204.50,203.19
C4,2024-11-04,-1,STOP,146.40,-146.40,-147.71
C4,2024-11-06,1,TIME,143.10,62.45,61.15
C4,2024-11-15,-1,TIME,138.67,209.91,208.61
C4,2024-11-18,1,TIME,138.67,30.16,28.86
C4,2024-11-19,1,TIME,137.78,98.36,97.06
C4,2024-11-21,-1,TIME,137.78,-10.39,-11.69
C4,2024-11-26,1,TIME,138.67,-26.59,-27.89
C4,2024-12-11,1,TIME,135.00,119.25,117.94
C4,2024-12-18,-1,STOP,130.72,-130.72,-132.03
C4,2024-12-19,-1,TIME,130.72,98.64,97.33
C4,2024-12-20,1,TIME,133.88,490.31,489.01
C4,2024-12-23,-1,STOP,135.00,-135.00,-136.31
C4,2024-12-26,-1,STOP,136.80,-136.80,-138.11
C4,2024-12-30,-1,STOP,138.90,-138.90,-140.21
C4,2025-01-02,-1,STOP,139.80,-139.80,-141.11
C4,2025-01-06,1,TIME,144.75,-10.12,-11.43
C4,2025-01-08,-1,TIME,148.05,-2.53,-3.83
C4,2025-01-10,-1,TIME,148.95,86.78,85.47
C4,2025-01-13,1,TIME,150.07,41.46,40.16
C4,2025-01-15,1,TIME,153.60,4.70,3.40
C4,2025-01-17,-1,TIME,153.60,-53.05,-54.35
C4,2025-01-21,-1,TIME,154.80,-106.15,-107.46
C4,2025-01-27,1,TIME,152.40,-47.20,-48.51
C4,2025-02-03,1,STOP,154.80,-154.80,-156.11
C4,2025-02-04,1,TIME,154.80,117.10,115.79
C4,2025-02-10,1,TIME,157.95,21.03,19.72
C4,2025-03-11,1,STOP,183.30,-183.30,-184.61
C4,2025-03-12,-1,TIME,187.35,-46.17,-47.48
C4,2025-04-02,1,TIME,208.95,365.28,363.97
C4,2025-04-03,1,STOP,219.75,-219.75,-221.06
C4,2025-04-04,-1,TIME,229.05,268.72,267.42
C4,2025-04-07,-1,STOP,229.20,-229.20,-230.50
C4,2025-04-08,1,STOP,235.95,-235.95,-237.25
C4,2025-04-09,1,TIME,235.95,222.53,221.22
C4,2025-04-10,-1,TIME,244.05,343.22,341.92
C4,2025-04-11,1,STOP,244.20,-244.20,-245.50
C4,2025-05-12,-1,TIME,247.95,-82.72,-84.03
C4,2025-05-23,1,TIME,219.38,23.56,22.26
C4,2025-05-29,-1,TIME,219.00,99.00,97.69
C4,2025-06-06,0,NOTRIG,217.05,,
C4,2025-06-13,1,TIME,185.55,56.22,54.92
C4,2025-06-16,1,TIME,175.12,60.69,59.38
C4,2025-06-20,-1,TIME,167.40,96.30,94.99
C4,2025-06-23,-1,STOP,165.90,-165.90,-167.21
C4,2025-06-24,1,TIME,167.40,24.80,23.49
C4,2025-07-11,1,TIME,135.75,23.12,21.82
C4,2025-07-15,-1,TIME,134.78,36.86,35.56
C4,2025-07-31,-1,TIME,129.45,109.53,108.22
C4,2025-08-01,-1,TIME,129.45,141.03,139.72
C4,2025-08-04,1,TIME,129.45,110.28,108.97
C4,2025-08-06,1,TIME,129.45,138.78,137.47
C4,2025-08-07,1,STOP,129.90,-129.90,-131.21
C4,2025-08-12,1,STOP,129.45,-129.45,-130.75
C4,2025-08-22,1,TIME,129.45,185.03,183.72
C4,2025-08-28,1,STOP,124.80,-124.80,-126.11
C4,2025-09-02,-1,STOP,124.80,-124.80,-126.11
C4,2025-09-05,-1,TIME,129.15,159.92,158.62
C4,2025-09-10,-1,TIME,124.80,11.35,10.04
C4,2025-09-18,-1,STOP,124.65,-124.65,-125.96
C4,2025-09-25,-1,STOP,129.45,-129.45,-130.75
C4,2025-09-26,1,STOP,129.45,-129.45,-130.75
C4,2025-09-29,1,TIME,130.35,-84.67,-85.98
C4,2025-10-01,1,TIME,130.20,123.90,122.60
C4,2025-10-06,-1,TIME,130.50,-52.75,-54.05
C4,2025-10-13,-1,STOP,130.35,-130.35,-131.65
C4,2025-10-14,-1,STOP,130.50,-130.50,-131.81
C4,2025-10-15,-1,STOP,130.50,-130.50,-131.81
C4,2025-10-16,1,STOP,130.50,-130.50,-131.81
C4,2025-10-17,1,TIME,130.50,107.25,105.94
C4,2025-10-24,1,TIME,137.25,15.62,14.32
C4,2025-10-30,-1,TIME,137.25,-16.88,-18.18
C4,2025-11-03,-1,TIME,136.95,14.78,13.47
C4,2025-11-04,-1,STOP,138.30,-138.30,-139.61
C4,2025-11-05,1,TIME,138.75,200.62,199.32
C4,2025-11-07,-1,TIME,144.30,204.35,203.04
C4,2025-11-10,1,STOP,148.80,-148.80,-150.11
C4,2025-11-13,-1,TIME,150.30,262.10,260.79
C4,2025-11-14,-1,STOP,150.30,-150.30,-151.61
C4,2025-11-17,1,TIME,150.30,-57.15,-58.46
C4,2025-11-18,1,STOP,157.05,-157.05,-158.36
C4,2025-11-21,-1,STOP,166.20,-166.20,-167.50
C4,2025-12-11,-1,TIME,176.62,-34.31,-35.62
C4,2026-01-15,-1,TIME,172.05,-19.53,-20.83
C4,2026-01-20,1,TIME,165.22,-34.61,-35.92
C4,2026-01-26,1,TIME,164.40,65.30,63.99
C4,2026-01-30,1,STOP,153.75,-153.75,-155.06
C4,2026-02-02,1,TIME,153.75,311.62,310.32
C4,2026-02-05,-1,STOP,153.75,-153.75,-155.06
C4,2026-02-06,1,TIME,158.92,258.29,256.98
C4,2026-02-09,-1,STOP,164.10,-164.10,-165.40
C4,2026-02-11,-1,TIME,164.10,72.70,71.40
C4,2026-02-17,1,STOP,173.32,-173.32,-174.63
C4,2026-03-02,1,TIME,189.60,322.45,321.15
C4,2026-03-03,1,STOP,210.30,-210.30,-211.61
C4,2026-03-04,1,TIME,222.07,212.21,210.91
C4,2026-03-06,1,TIME,222.22,-2.86,-4.17
C4,2026-03-09,-1,STOP,222.22,-222.22,-223.53
C4,2026-03-23,1,STOP,223.35,-223.35,-224.65
C4,2026-03-30,-1,TIME,232.05,112.97,111.67
C4,2026-04-02,1,TIME,234.60,250.45,249.15
C4,2026-04-08,-1,TIME,243.30,-69.90,-71.21
C4,2026-04-28,-1,TIME,214.50,-25.75,-27.05
C4,2026-04-30,-1,TIME,199.95,24.28,22.97
C4,2026-05-06,1,TIME,196.05,49.47,48.17
C4,2026-05-08,1,TIME,199.65,264.42,263.12
C4,2026-05-13,-1,STOP,199.65,-199.65,-200.96
C4,2026-05-15,-1,STOP,197.85,-197.85,-199.15
C4,2026-05-18,-1,TIME,199.65,210.17,208.87
C4,2026-05-19,1,STOP,199.65,-199.65,-200.96
C4,2026-06-04,-1,STOP,199.80,-199.80,-201.11
C4,2026-06-05,-1,TIME,199.80,452.10,450.79
C4,2026-06-08,-1,STOP,199.80,-199.80,-201.11
C4,2026-06-09,-1,STOP,199.80,-199.80,-201.11
C4,2026-06-10,1,STOP,199.80,-199.80,-201.11
C4,2026-06-11,-1,STOP,204.07,-204.07,-205.38
C4,2026-06-12,-1,STOP,204.07,-204.07,-205.38
C4,2026-06-15,1,TIME,208.20,133.65,132.35
C4,2026-06-18,-1,TIME,232.80,-195.40,-196.71
C4,2026-06-22,1,STOP,233.85,-233.85,-235.15
C4,2026-06-23,1,TIME,234.15,23.67,22.37
C4,2026-06-26,-1,STOP,236.55,-236.55,-237.86
C4,2026-07-08,1,STOP,255.90,-255.90,-257.21
C4,2026-07-14,-1,TIME,255.90,-138.45,-139.76
C4,2026-07-17,-1,STOP,271.80,-271.80,-273.11
C4,2026-07-23,1,STOP,255.90,-255.90,-257.21
C4,2026-07-30,1,TIME,270.75,116.38,115.07
