day,dir,rth_open,dec_close,D_pts,thr90,beta126,stop_pts,entry,exit,gross,net_base,net_stressed,stopped
2020-01-24,-1,12588.75,12476.25,-112.50,90.50,0.002615,25.50,12475.75,12467.50,8.25,7.38,6.95,0
2020-03-02,1,11879.75,12019.50,139.75,100.50,0.046768,34.00,12019.75,12192.25,172.50,171.63,171.19,0
2020-03-03,-1,12217.25,12015.25,-202.00,101.62,0.090844,34.50,12015.50,11913.75,101.75,100.88,100.44,0
2020-03-04,1,12061.25,12201.00,139.75,102.15,0.122924,35.00,12201.25,12258.75,57.50,56.63,56.20,0
2020-03-11,-1,11479.50,11268.00,-211.50,102.55,0.116396,39.00,11268.25,11314.25,-39.00,-39.87,-40.30,1
2020-03-16,-1,10702.25,10557.75,-144.50,103.38,0.035729,39.75,10557.50,10253.50,304.00,303.13,302.69,0
2020-03-17,1,10486.75,10647.75,161.00,104.50,0.105283,40.00,10647.50,10759.00,111.50,110.63,110.19,0
2020-03-19,1,10498.75,10741.00,242.25,108.10,0.112344,40.75,10742.00,10591.25,-40.75,-41.62,-42.05,1
2020-03-20,-1,10749.75,10455.50,-294.25,111.45,0.049397,41.50,10456.50,10299.00,157.50,156.63,156.19,0
2020-03-23,-1,10318.75,10198.50,-120.25,114.00,0.104289,42.50,10199.25,10317.25,-42.50,-43.37,-43.80,1
2020-03-24,1,10686.75,10806.00,119.25,117.62,0.085905,42.75,10806.50,10853.50,47.00,46.13,45.70,0
2020-03-26,1,10849.50,11088.25,238.75,119.55,0.063734,45.00,11089.50,11188.50,-45.00,-45.87,-46.30,1
2020-03-30,1,10982.50,11145.25,162.75,121.07,0.056726,46.50,11146.00,11188.25,42.25,41.38,40.95,0
2020-04-06,1,11118.25,11299.00,180.75,128.10,0.063265,69.25,11298.75,11373.50,74.75,73.88,73.44,0
2020-04-14,1,11807.75,11995.75,188.00,130.05,0.070014,92.50,11997.00,12003.00,6.00,5.13,4.70,0
2020-04-21,-1,11952.25,11767.00,-185.25,133.93,0.061279,93.50,11766.50,11712.25,54.25,53.38,52.95,0
2020-04-28,-1,12224.50,12045.50,-179.00,136.95,0.074714,96.25,12044.75,11987.50,57.25,56.38,55.95,0
2020-04-29,1,12181.00,12327.50,146.50,139.75,0.082165,100.25,12328.00,12283.75,-44.25,-45.12,-45.55,0
2020-05-11,1,12478.50,12637.00,158.50,139.75,0.071693,106.50,12636.25,12608.00,-28.25,-29.12,-29.55,0
2020-05-13,-1,12443.25,12238.50,-204.75,139.95,0.077148,109.75,12237.50,12311.50,-74.00,-74.87,-75.31,0
2020-05-15,1,12283.50,12437.75,154.25,141.55,0.064827,118.50,12437.00,12467.25,30.25,29.38,28.95,0
2020-06-05,1,12991.50,13161.75,170.25,140.75,0.063749,99.00,13161.75,13138.00,-23.75,-24.62,-25.05,0
2020-06-11,-1,13243.50,12930.50,-313.00,142.02,0.050127,96.25,12924.75,12912.50,12.25,11.38,10.95,0
2020-06-12,-1,13115.50,12900.75,-214.75,144.50,0.050112,96.25,12901.00,12979.25,-96.25,-97.12,-97.56,1
2020-06-15,1,12842.25,13074.25,232.00,146.30,0.036975,96.25,13074.00,13097.50,23.50,22.63,22.20,0
2020-06-24,-1,13499.25,13340.00,-159.25,148.00,0.039277,88.00,13340.00,13322.75,17.25,16.38,15.95,0
2020-06-26,-1,13404.75,13210.75,-194.00,154.00,0.041643,87.50,13209.50,13177.50,32.00,31.13,30.70,0
2020-06-30,1,13281.50,13436.25,154.75,154.20,0.046769,87.50,13436.75,13463.25,26.50,25.63,25.20,0
2020-07-13,-1,14269.50,14035.50,-234.00,154.25,0.045815,86.25,14035.50,13927.00,108.50,107.63,107.19,0
2020-07-20,1,13991.75,14259.00,267.25,154.70,0.066270,86.00,14259.00,14268.25,9.25,8.38,7.95,0
2020-07-21,-1,14333.25,14163.50,-169.75,158.13,0.064424,86.00,14163.75,14156.50,7.25,6.38,5.95,0
2020-07-23,-1,14174.75,13893.00,-281.75,159.18,0.064284,86.75,13893.75,13904.25,-10.50,-11.37,-11.80,0
2020-08-12,1,14289.75,14488.25,198.50,160.83,0.056440,78.25,14488.50,14478.25,-10.25,-11.12,-11.55,0
2020-08-20,1,14616.25,14796.25,180.00,162.58,0.053335,75.75,14795.75,14805.75,10.00,9.13,8.70,0
2020-08-26,1,15100.75,15282.75,182.00,162.58,0.054557,72.25,15283.00,15297.00,14.00,13.13,12.70,0
2020-09-03,-1,15556.75,14994.25,-562.50,162.58,0.012803,71.25,14993.75,15114.75,-71.25,-72.12,-72.56,1
2022-01-11,1,18943.00,19197.00,254.00,199.45,0.007821,83.00,19197.25,19210.00,12.75,11.88,11.45,0
2022-01-13,-1,19328.00,18960.50,-367.50,200.40,0.008295,83.75,18960.25,18876.25,84.00,83.13,82.69,0
2022-01-21,-1,18124.00,17842.50,-281.50,202.30,0.044761,90.25,17842.25,17793.25,-90.25,-91.12,-91.56,1
2022-01-26,-1,17853.75,17543.00,-310.75,202.95,0.054855,95.25,17543.25,17525.25,18.00,17.13,16.70,0
2022-01-27,-1,17711.25,17376.25,-335.00,208.40,0.058449,96.50,17376.00,17364.25,-96.50,-97.37,-97.81,1
2022-01-31,1,17865.75,18147.00,281.25,208.40,0.069024,99.50,18147.25,18273.75,126.50,125.63,125.19,0
2022-02-04,1,17896.25,18154.75,258.50,209.68,0.082760,113.50,18154.50,18058.50,-96.00,-96.87,-97.31,0
2022-02-11,-1,18078.25,17638.00,-440.25,211.55,0.076827,121.00,17637.25,17616.75,20.50,19.63,19.20,0
2022-02-17,-1,17840.75,17575.50,-265.25,223.00,0.073988,125.25,17575.00,17544.00,31.00,30.13,29.70,0
2022-02-23,-1,17373.00,16957.75,-415.25,226.73,0.074244,130.50,16957.50,16885.75,71.75,70.88,70.44,0
2022-02-24,1,16451.75,17190.50,738.75,226.73,0.080218,135.50,17190.50,17343.75,153.25,152.38,151.94,0
2022-03-03,-1,17729.50,17421.00,-308.50,226.73,0.100046,135.50,17420.75,17413.25,7.50,6.63,6.20,0
2022-03-07,-1,17209.25,16792.50,-416.75,226.73,0.096451,137.75,16792.00,16698.75,93.25,92.38,91.94,0
2022-03-11,-1,17086.25,16747.50,-338.75,223.00,0.099012,141.00,16747.25,16677.50,69.75,68.88,68.44,0
2022-03-15,1,16535.25,16816.25,281.00,226.73,0.101011,141.00,16816.50,16834.75,18.25,17.38,16.95,0
2022-03-18,1,17426.00,17771.00,345.00,230.08,0.109510,141.00,17771.50,17789.50,18.00,17.13,16.70,0
2022-03-22,1,17770.25,18021.00,250.75,234.53,0.109213,141.25,18021.00,18034.75,13.75,12.88,12.45,0
2022-04-04,1,18275.75,18521.75,246.00,242.20,0.112483,144.75,18521.75,18544.50,22.75,21.88,21.45,0
2022-04-05,-1,18485.25,18202.75,-282.50,245.70,0.112606,141.75,18202.25,18211.25,-9.00,-9.87,-10.30,0
2022-04-12,-1,17579.50,17281.50,-298.00,250.05,0.118697,141.75,17281.25,17322.25,-41.00,-41.87,-42.30,0
2022-04-13,1,17334.00,17624.50,290.50,250.72,0.114184,141.75,17624.50,17601.00,-23.50,-24.37,-24.80,0
2022-04-14,-1,17604.00,17312.50,-291.50,253.68,0.110433,141.75,17312.50,17273.75,38.75,37.88,37.45,0
2022-04-19,1,17255.00,17597.75,342.75,256.25,0.111359,141.00,17597.50,17592.25,-5.25,-6.12,-6.55,0
2022-04-21,-1,17552.75,17143.00,-409.75,258.30,0.109096,138.75,17143.00,17101.50,41.50,40.63,40.20,0
2022-04-22,-1,17105.50,16815.25,-290.25,264.58,0.108963,135.25,16814.50,16737.25,77.25,76.38,75.94,0
2022-04-26,-1,16824.00,16456.25,-367.75,279.43,0.113149,133.75,16455.75,16390.50,65.25,64.38,63.95,0
2022-04-28,1,16592.00,16883.75,291.75,281.23,0.115541,133.00,16883.75,16843.00,-40.75,-41.62,-42.05,0
2022-04-29,-1,16667.75,16316.50,-351.25,281.48,0.111316,133.00,16317.00,16236.75,80.25,79.38,78.94,0
2022-05-04,1,16487.00,16844.75,357.75,282.40,0.115897,133.75,16845.25,16913.00,67.75,66.88,66.44,0
2022-05-05,-1,16722.50,16102.00,-620.50,289.48,0.117506,133.75,16102.25,16239.75,-133.75,-134.62,-135.06,1
2022-05-18,-1,15748.75,15295.25,-453.50,290.48,0.095959,139.50,15295.00,15321.00,-26.00,-26.87,-27.30,0
2022-05-20,-1,15405.75,15055.75,-350.00,291.40,0.091605,135.75,15055.75,15214.50,-135.75,-136.62,-137.06,1
2022-05-26,1,15293.25,15635.50,342.25,291.73,0.077824,135.75,15635.50,15654.50,19.00,18.13,17.70,0
2022-06-02,1,15882.50,16200.50,318.00,296.03,0.081009,135.75,16201.00,16273.75,72.75,71.88,71.44,0
2022-06-28,-1,15409.50,15054.75,-354.75,297.85,0.080397,131.50,15055.00,15019.50,35.50,34.63,34.20,0
2022-07-05,1,14799.25,15137.50,338.25,298.45,0.081199,130.00,15138.00,15159.25,21.25,20.38,19.95,0
2022-07-27,1,15648.75,16032.25,383.50,307.50,0.052400,121.50,16032.00,15961.25,-70.75,-71.62,-72.06,0
2022-08-26,-1,16492.75,16029.75,-463.00,310.53,0.012796,83.25,16029.50,15965.50,64.00,63.13,62.70,0
2022-11-30,1,14805.75,15244.00,438.25,338.70,0.006108,96.00,15243.50,15322.25,78.75,77.88,77.44,0
2023-02-09,-1,15876.50,15558.25,-318.25,317.15,0.018816,80.50,15558.50,15580.75,-22.25,-23.12,-23.55,0
2023-03-16,1,15376.75,15759.50,382.75,294.45,0.007336,75.00,15759.75,15748.25,-11.50,-12.37,-12.80,0
2024-11-15,-1,22462.00,22183.75,-278.25,247.58,0.001043,80.75,22184.25,22195.50,-11.25,-12.12,-12.55,0
2024-12-16,1,23611.00,23860.25,249.25,249.12,0.004246,72.00,23859.75,23825.50,-34.25,-35.12,-35.55,0
2024-12-18,-1,23697.00,23139.25,-557.75,249.25,0.000974,72.00,23138.75,22915.25,223.50,222.63,222.19,0
2024-12-20,1,22628.00,23068.00,440.00,257.35,0.038417,74.75,23068.50,22984.25,-74.75,-75.62,-76.06,1
2025-01-07,-1,23208.50,22743.25,-465.25,262.53,0.022172,77.50,22744.25,22776.00,-31.75,-32.62,-33.05,0
2025-01-28,1,22719.00,23033.25,314.25,262.53,0.025825,87.75,23032.75,22992.25,-40.50,-41.37,-41.80,0
2025-02-07,-1,23302.00,22991.75,-310.25,269.75,0.028808,90.75,22991.50,23004.75,-13.25,-14.12,-14.55,0
2025-02-21,-1,23601.75,23118.25,-483.50,277.48,0.015954,90.00,23118.50,23098.50,20.00,19.13,18.70,0
2025-02-27,-1,22757.00,22106.00,-651.00,284.10,0.020845,92.00,22105.50,22026.00,79.50,78.63,78.19,0
2025-03-03,-1,22472.25,21797.75,-674.50,291.50,0.038354,94.25,21797.25,21889.50,-94.25,-95.12,-95.56,1
2025-03-04,1,21759.00,22087.25,328.25,296.75,0.022244,96.00,22087.25,21812.50,-96.00,-96.87,-97.31,1
2025-04-07,1,18140.25,18646.50,506.25,316.95,0.008671,138.75,18644.50,18771.75,127.25,126.38,125.94,0
2025-04-08,-1,19361.25,18482.00,-879.25,327.15,0.017998,140.00,18482.00,18445.75,36.25,35.38,34.95,0
2025-04-09,1,18419.00,20365.25,1946.25,331.62,0.021148,141.75,20364.25,20465.00,100.75,99.88,99.44,0
2025-04-10,-1,20002.25,19597.50,-404.75,336.73,0.032609,143.25,19598.25,19698.00,-143.25,-144.12,-144.56,1
2025-04-11,1,19626.25,20041.50,415.25,336.73,0.028332,143.25,20041.75,20020.75,-21.00,-21.87,-22.30,0
2025-04-16,-1,19797.00,19347.25,-449.75,349.85,0.028345,143.25,19348.25,19599.75,-143.25,-144.12,-144.56,1
2025-04-24,1,20087.75,20452.00,364.25,351.20,0.016029,156.75,20451.75,20531.50,79.75,78.88,78.44,0
2025-07-31,-1,24748.25,24378.00,-370.25,351.20,0.004015,86.25,24378.25,24352.75,25.50,24.63,24.20,0
2025-12-12,-1,26323.00,25973.00,-350.00,327.40,0.000046,91.75,25973.00,25974.00,-1.00,-1.87,-2.30,0
2025-12-17,-1,25932.25,25465.00,-467.25,347.83,0.003309,93.00,25465.00,25402.50,62.50,61.63,61.20,0
