strategy,tool,state,n,ev,evR,wr,pf,medR,aw,al,mfe,mae,ratio,ff25,stop,tmfe,reach,maxw,maxl,winMFE,winMFE95
A10_G4,RANGE,LOW,26,11.503076923076806,0.393871960786037,42.30769230769231,1.7627646008671125,-1.023149050185609,62.83454545454545,-26.140000000000196,2.9958748753430386,1.625856381948236,1.8426442265171865,60.0,57.69230769230769,36.5,"{0.25: 92.3076923076923, 0.5: 73.07692307692308, 1: 53.84615384615385, 1.5: 50.0, 2: 38.46153846153846, 3: 26.923076923076923, 4: 15.384615384615385, 5: 7.6923076923076925}",137.13,-42.06374999999854,5.243589743589744,nan
A10_G4,RANGE,MEDIUM,102,-0.33825980392162797,-0.051825690017914226,24.50980392156863,0.9875149380179676,-1.0230979219016414,109.16000000000007,-35.8896428571429,2.483680699626568,2.2075266836217997,1.1250965698641946,43.67816091954023,75.49019607843137,37.5,"{0.25: 56.86274509803921, 0.5: 46.07843137254902, 1: 37.254901960784316, 1.5: 31.372549019607842, 2: 21.568627450980394, 3: 10.784313725490197, 4: 5.882352941176471, 5: 2.9411764705882355}",567.38,-83.46375,4.482957827845176,10.066360387953036
A10_G4,RANGE,HIGH,90,5.019583333333371,0.1787535732110173,31.11111111111111,1.1728488470526157,-1.0149196388286121,109.47821428571436,-42.155282258064396,2.070897815901982,2.060767933771893,1.0049155860609438,43.20987654320987,63.333333333333336,30.0,"{0.25: 55.55555555555556, 0.5: 50.0, 1: 45.55555555555556, 1.5: 34.44444444444444, 2: 28.88888888888889, 3: 20.0, 4: 15.555555555555555, 5: 11.11111111111111}",442.88,-96.81374999999855,5.990531252142996,11.318407960199004
A10_G4,VOLUME,LOW,8,-1.7965625000002734,0.07617954272141822,25.0,0.8783357670412297,-1.051973808599777,51.879999999999995,-19.688750000000365,1.6658671881726383,2.4883295033488446,0.6694721040483909,28.571428571428573,75.0,28.0,"{0.25: 87.5, 0.5: 62.5, 1: 50.0, 1.5: 37.5, 2: 25.0, 3: 12.5, 4: 12.5, 5: 12.5}",90.88,-40.11375000000145,8.07384498184513,nan
A10_G4,VOLUME,MEDIUM,40,4.021718750000287,0.03862848414056097,32.5,1.2175162298426474,-1.0264618470839169,69.26461538461538,-27.39152777777735,2.723379670732774,2.1513856363204136,1.2658723869657609,60.0,67.5,41.5,"{0.25: 70.0, 0.5: 47.5, 1: 40.0, 1.5: 37.5, 2: 27.5, 3: 17.5, 4: 7.5, 5: 5.0}",137.13,-47.12624999999854,5.078125,nan
A10_G4,VOLUME,HIGH,170,3.3520220588234895,0.1111040969423968,28.823529411764707,1.1160217254259805,-1.0171952342944466,111.86469387755109,-40.59112603305791,2.1232981838683256,2.138747442673947,0.992776492213449,43.04635761589404,68.23529411764706,33.5,"{0.25: 57.05882352941177, 0.5: 51.1764705882353, 1: 42.94117647058823, 1.5: 34.11764705882353, 2: 26.470588235294116, 3: 16.470588235294116, 4: 11.764705882352942, 5: 7.0588235294117645}",567.38,-96.81374999999855,5.14660227664712,11.318407960199004
A1_OFH13,RANGE,LOW,12,6.471666666666543,0.3476686957049346,33.333333333333336,1.343461147229216,-1.0255015287360694,75.9425,-28.263750000000183,1.7511702694194111,2.37875953660348,0.7361695213295185,22.22222222222222,66.66666666666667,25.0,"{0.25: 41.666666666666664, 0.5: 41.666666666666664, 1: 33.333333333333336, 1.5: 25.0, 2: 25.0, 3: 25.0, 4: 25.0, 5: 16.666666666666668}",133.13,-39.21375,6.979138985330962,nan
A1_OFH13,RANGE,MEDIUM,67,13.886809701492467,0.2681327357575744,31.34328358208955,1.6027715084653913,-1.0199913830245586,117.8085714285715,-33.55573369565224,2.7557755775577557,2.0558659217877095,1.34044518582293,45.6140350877193,64.17910447761194,31,"{0.25: 64.17910447761194, 0.5: 56.71641791044776, 1: 47.76119402985075, 1.5: 40.298507462686565, 2: 31.34328358208955, 3: 23.880597014925375, 4: 11.940298507462687, 5: 5.970149253731344}",574.63,-67.995,5.219730941704036,8.297968397291196
A1_OFH13,RANGE,HIGH,53,23.560188679245275,0.5812666597452377,41.509433962264154,2.129351433972162,-1.0143298332303887,107.0163636363637,-35.666774193548406,2.6175213675213675,1.4273719563392109,1.8338046757164403,48.888888888888886,54.716981132075475,30,"{0.25: 67.9245283018868, 0.5: 60.37735849056604, 1: 52.83018867924528, 1.5: 43.39622641509434, 2: 35.84905660377358, 3: 15.09433962264151, 4: 15.09433962264151, 5: 7.547169811320755}",291.63,-67.0575,3.916176751929928,12.126111560226354
A1_OFH13,VOLUME,LOW,1,-16.451249999999273,-1.055836341756922,0.0,0.0,-1.055836341756922,nan,-16.451249999999273,1.4681107099879664,2.2382671480144407,0.6559139784946236,0.0,100.0,16,"{0.25: 0.0, 0.5: 0.0, 1: 0.0, 1.5: 0.0, 2: 0.0, 3: 0.0, 4: 0.0, 5: 0.0}",-16.451249999999273,-16.451249999999273,nan,nan
A1_OFH13,VOLUME,MEDIUM,18,3.700833333333007,0.20028879127566926,33.333333333333336,1.1834290198669835,-1.0258464425122704,71.63,-30.263750000000485,1.552482830605262,3.015935451336359,0.5147599660720052,42.857142857142854,66.66666666666667,30.5,"{0.25: 61.111111111111114, 0.5: 55.55555555555556, 1: 33.333333333333336, 1.5: 27.77777777777778, 2: 27.77777777777778, 3: 27.77777777777778, 4: 22.22222222222222, 5: 5.555555555555555}",119.13,-67.995,6.775543803431674,nan
A1_OFH13,VOLUME,HIGH,113,19.52745575221246,0.44597069654432897,36.283185840707965,1.8841520157949967,-1.0183326748320825,114.69097560975617,-34.66288194444441,2.6457925636007826,1.8645833333333333,1.4189725480763975,45.833333333333336,59.29203539823009,30,"{0.25: 64.60176991150442, 0.5: 57.52212389380531, 1: 51.32743362831859, 1.5: 42.47787610619469, 2: 33.6283185840708, 3: 19.469026548672566, 4: 13.274336283185841, 5: 7.964601769911504}",574.63,-67.0575,4.654487688641779,12.126111560226354
A2_OFH14,RANGE,LOW,114,-2.1375438596491247,-0.35612283930302435,12.280701754385966,0.7803695358269495,-1.094054054054054,61.84428571428571,-11.094999999999994,2.877020068185953,2.1865883281231477,1.3157575347781332,44.943820224719104,87.71929824561404,35.0,"{0.25: 65.78947368421052, 0.5: 54.3859649122807, 1: 40.35087719298246, 1.5: 29.82456140350877, 2: 23.68421052631579, 3: 16.666666666666668, 4: 13.157894736842104, 5: 10.526315789473685}",134.88,-34.87,6.002648318434119,nan
A2_OFH14,RANGE,MEDIUM,229,-0.7542794759825355,0.01828507474255252,11.790393013100436,0.9468603195210615,-1.06,113.99111111111118,-16.091534653465278,2.473716759431045,2.6718547341115437,0.925842534719095,45.876288659793815,88.20960698689956,29,"{0.25: 53.7117903930131, 0.5: 45.851528384279476, 1: 38.8646288209607, 1.5: 29.694323144104803, 2: 26.200873362445414, 3: 19.650655021834062, 4: 14.847161572052402, 5: 11.353711790393014}",574.63,-55.62,5.954974582425563,14.879089615931722
A2_OFH14,RANGE,HIGH,116,11.278706896551752,0.47431451733688124,20.689655172413794,1.7236178403132716,-1.0467135135135135,129.84875000000005,-19.652608695652134,2.256482052754395,1.7874770851947819,1.2623837650531367,46.666666666666664,75.86206896551724,29.0,"{0.25: 50.0, 0.5: 46.55172413793103, 1: 35.3448275862069, 1.5: 28.448275862068964, 2: 25.0, 3: 22.413793103448278, 4: 18.96551724137931, 5: 15.517241379310345}",284.88,-93.87,5.720642797104567,12.126111560226354
A2_OFH14,VOLUME,LOW,40,-2.1450000000000005,-0.4969673286240619,12.5,0.7156115346370565,-1.1199999999999999,43.17999999999999,-8.620000000000001,3.1339009641600537,1.971482236183283,1.5896166380008427,53.125,87.5,40.0,"{0.25: 62.5, 0.5: 55.0, 1: 42.5, 1.5: 27.5, 2: 20.0, 3: 15.0, 4: 12.5, 5: 7.5}",102.88,-26.12,4.537585421412301,nan
A2_OFH14,VOLUME,MEDIUM,133,-1.1500751879699267,0.024720542941435667,11.278195488721805,0.9011509554675255,-1.0725,92.96333333333335,-13.113644067796578,2.2739291380222104,2.6718547341115437,0.8510676531141379,48.03921568627451,87.96992481203007,31,"{0.25: 62.40601503759399, 0.5: 53.38345864661654, 1: 42.10526315789474, 1.5: 31.57894736842105, 2: 27.81954887218045, 3: 18.045112781954888, 4: 15.037593984962406, 5: 13.533834586466165}",245.63,-45.87,7.482806052269601,nan
A2_OFH14,VOLUME,HIGH,286,3.953426573426633,0.12307910272842479,15.734265734265735,1.2617969307141663,-1.0539567307692308,121.1022222222223,-17.920829875518592,2.4219993935583295,2.258871080467098,1.0722167433554903,44.09448818897638,83.21678321678321,29.0,"{0.25: 51.74825174825175, 0.5: 44.75524475524475, 1: 36.01398601398601, 1.5: 28.67132867132867, 2: 24.825174825174827, 3: 20.97902097902098, 4: 16.083916083916083, 5: 12.237762237762238}",574.63,-93.87,5.428907168037603,12.126111560226354
A3_SWEEP_RECLAIM,RANGE,LOW,132,-2.0879450757575726,-0.017975076437804126,20.454545454545453,0.8358121818906195,-1.0535361103385121,51.96333333333336,-15.986845238095198,2.555020225849153,2.766377563185503,0.9235977980196707,58.65384615384615,78.78787878787878,28.5,"{0.25: 72.72727272727273, 0.5: 57.57575757575758, 1: 39.39393939393939, 1.5: 33.333333333333336, 2: 28.03030303030303, 3: 16.666666666666668, 4: 11.363636363636363, 5: 9.848484848484848}",207.88,-42.32624999999927,5.79020979020979,23.350785340314136
A3_SWEEP_RECLAIM,RANGE,MEDIUM,186,4.6595362903225865,0.15715262585212877,28.49462365591398,1.2933187746877592,-1.033980231579061,72.10169811320762,-22.215911654135297,3.0081914288299645,2.41661354494098,1.244796229470539,55.118110236220474,70.43010752688173,28.0,"{0.25: 77.95698924731182, 0.5: 62.903225806451616, 1: 50.0, 1.5: 38.70967741935484, 2: 28.49462365591398, 3: 20.43010752688172, 4: 10.21505376344086, 5: 4.838709677419355}",486.63,-53.78249999999854,5.422612513721186,17.070524412296564
A3_SWEEP_RECLAIM,RANGE,HIGH,262,2.609770992366384,0.10705751607321744,19.84732824427481,1.1242070844686676,-1.032837999263736,119.01461538461545,-26.214285714285666,3.6951316839584996,3.34798418972332,1.1036885106270076,57.95454545454545,80.1526717557252,25.5,"{0.25: 69.08396946564885, 0.5: 61.45038167938932, 1: 45.80152671755725, 1.5: 36.25954198473283, 2: 27.862595419847327, 3: 17.557251908396946, 4: 15.267175572519085, 5: 13.358778625954198}",386.63,-54.476250000000725,8.569162843470968,20.1294033069734
A3_SWEEP_RECLAIM,VOLUME,LOW,57,3.4239692982455234,0.22559019661106733,24.56140350877193,1.3626589055636849,-1.0668587896253565,52.379999999999995,-12.515203488372213,2.5382262996941893,2.3001949317738792,1.1034831285958637,56.52173913043478,73.6842105263158,26,"{0.25: 71.9298245614035, 0.5: 56.14035087719298, 1: 40.35087719298246, 1.5: 36.8421052631579, 2: 31.57894736842105, 3: 22.80701754385965, 4: 10.526315789473685, 5: 8.771929824561404}",176.63,-29.72625000000073,5.698777211489076,nan
A3_SWEEP_RECLAIM,VOLUME,MEDIUM,135,1.66407407407406,0.08085794201173196,25.925925925925927,1.1210627004014788,-1.041726618705039,59.4371428571429,-18.556499999999975,2.818428184281843,2.314814814814815,1.217560975609756,57.69230769230769,73.33333333333333,31,"{0.25: 75.55555555555556, 0.5: 61.48148148148148, 1: 48.148148148148145, 1.5: 38.51851851851852, 2: 30.37037037037037, 3: 18.51851851851852, 4: 10.37037037037037, 5: 7.407407407407407}",207.88,-53.78249999999854,5.056053811659193,21.06741573033708
A3_SWEEP_RECLAIM,VOLUME,HIGH,388,2.2036307989690886,0.08023784575122199,21.391752577319586,1.1104016140421709,-1.0329664560706375,103.60891566265066,-25.39190573770484,3.4996864574710913,3.0966419601327173,1.1301553432806615,57.19844357976654,78.35051546391753,25.0,"{0.25: 71.90721649484536, 0.5: 61.597938144329895, 1: 45.618556701030926, 1.5: 35.56701030927835, 2: 26.804123711340207, 3: 17.52577319587629, 4: 13.917525773195877, 5: 10.824742268041238}",486.63,-54.476250000000725,6.8125701459034795,19.502487562189053
A4_ACCEPT_BRK,RANGE,LOW,827,-1.3942820435307923,-0.16357562319575988,21.8863361547763,0.9120705877799861,-1.0413547237076677,66.08027624309379,-20.299692337461497,2.529182879377432,2.854864433811802,0.8859204834467317,48.2442748091603,76.66263603385731,28,"{0.25: 66.0217654171705, 0.5: 55.743651753325274, 1: 41.35429262394196, 1.5: 34.46191051995163, 2: 27.20677146311971, 3: 16.444981862152357, 4: 10.399032648125756, 5: 5.683192261185006}",320.63,-63.25124999999854,5.359848484848485,12.591304347826087
A4_ACCEPT_BRK,RANGE,MEDIUM,649,-4.955862865947559,-0.1580468648845693,22.033898305084747,0.790434003281918,-1.0268985507246375,84.83454545454526,-30.331413043478502,2.3519214099971104,2.647943831494483,0.8882066840026968,43.51851851851852,77.34976887519261,28,"{0.25: 62.71186440677966, 0.5: 52.080123266563945, 1: 40.67796610169491, 1.5: 32.04930662557781, 2: 24.345146379044685, 3: 14.329738058551618, 4: 9.244992295839754, 5: 6.00924499229584}",541.88,-85.75124999999855,4.8861646234676,11.930283224400872
A4_ACCEPT_BRK,RANGE,HIGH,387,2.1835206718346662,0.04057696306119181,21.188630490956072,1.0896943176978375,-1.0276354973198325,125.19707317073166,-30.88897540983602,2.9659224441833136,2.72782874617737,1.087283227856439,49.67948717948718,76.74418604651163,26,"{0.25: 58.91472868217054, 0.5: 50.3875968992248, 1: 37.98449612403101, 1.5: 31.007751937984494, 2: 26.098191214470283, 3: 18.087855297157624, 4: 12.919896640826874, 5: 10.852713178294573}",576.63,-103.75124999999855,7.794360309618727,17.604790419161677
A4_ACCEPT_BRK,VOLUME,LOW,208,-0.5769411057692714,-0.1436337384741328,21.153846153846153,0.9578190308434315,-1.052311161217592,61.93113636363641,-17.347400914634143,2.4437160561762807,3.0823967453462275,0.7927973775166287,50.0,78.36538461538461,29.0,"{0.25: 66.82692307692308, 0.5: 54.80769230769231, 1: 43.26923076923077, 1.5: 35.09615384615385, 2: 27.403846153846153, 3: 19.23076923076923, 4: 14.423076923076923, 5: 9.134615384615385}",320.63,-81.12,6.421534820824882,14.099378881987576
A4_ACCEPT_BRK,VOLUME,MEDIUM,582,-4.153752147766257,-0.25832544823896497,19.587628865979383,0.7662415756052212,-1.0383789305024316,69.5115789473685,-22.097871260683828,2.312497608387862,2.8835672839455846,0.8019572219669769,46.895074946466806,78.52233676975945,24.0,"{0.25: 64.43298969072166, 0.5: 55.154639175257735, 1: 39.34707903780069, 1.5: 31.786941580756015, 2: 24.742268041237114, 3: 13.917525773195877, 4: 9.106529209621993, 5: 4.123711340206185}",257.88,-70.78875000000073,5.372231934731935,11.780667043527416
A4_ACCEPT_BRK,VOLUME,HIGH,1073,-0.9197728331779831,-0.03907263980484642,23.112767940354146,0.9600368485854688,-1.02760261748959,95.59975806451612,-29.934128787878738,2.7089627391742197,2.594733461785485,1.0440235111124405,46.23287671232877,75.76887232059646,29,"{0.25: 62.16216216216216, 0.5: 52.09692451071761, 1: 40.44734389561976, 1.5: 33.084808946877914, 2: 26.374650512581546, 3: 16.589002795899347, 4: 10.531220876048462, 5: 7.921714818266542}",576.63,-103.75124999999855,5.251641228936244,14.14820473644003
A5_REJECT_BRK,RANGE,LOW,665,-1.3374906015037586,-0.06815352774095423,23.157894736842106,0.9117382666144501,-1.0426862925483011,59.66084415584414,-19.72055039138949,2.4335106382978724,2.526315789473684,0.9632646276595745,48.34782608695652,76.09022556390977,30,"{0.25: 64.9624060150376, 0.5: 56.2406015037594, 1: 43.1578947368421, 1.5: 33.83458646616541, 2: 26.31578947368421, 3: 16.090225563909776, 4: 10.827067669172932, 5: 7.368421052631579}",451.63,-62.98875000000145,5.6400597374228205,12.854418308963762
A5_REJECT_BRK,RANGE,MEDIUM,796,-1.9275141331657755,-0.10048373093272181,25.12562814070352,0.9054683216628142,-1.0282152656061645,73.48124999999979,-27.232468540268766,2.4664033333092625,2.5015540820555326,0.9859484354152412,48.43260188087774,72.98994974874371,26.0,"{0.25: 67.46231155778895, 0.5: 56.78391959798995, 1: 42.58793969849246, 1.5: 34.17085427135678, 2: 27.01005025125628, 3: 18.467336683417084, 4: 9.924623115577889, 5: 5.276381909547739}",331.88,-90.32624999999928,5.191278701454529,11.240721102863203
A5_REJECT_BRK,RANGE,HIGH,544,0.3782996323528393,0.027115449305655376,23.529411764705884,1.0145932217872466,-1.0234227287495306,111.78039062499982,-33.899266826923444,2.5986067758811564,3.1075870666299523,0.8362136667981555,52.35602094240838,75.36764705882354,22.0,"{0.25: 70.22058823529412, 0.5: 62.13235294117647, 1: 47.61029411764706, 1.5: 35.845588235294116, 2: 29.96323529411765, 3: 18.566176470588236, 4: 12.132352941176471, 5: 7.536764705882353}",576.88,-93.55125000000146,5.774862652763763,17.3015873015873
A5_REJECT_BRK,VOLUME,LOW,317,0.3610528391167676,-0.01798222107484053,23.65930599369085,1.0262175094353976,-1.0460774577954355,59.733333333333405,-18.03944731404945,2.478134110787172,2.33741753063148,1.06020173046177,51.42857142857143,75.70977917981072,28,"{0.25: 65.61514195583597, 0.5: 56.782334384858046, 1: 43.84858044164038, 1.5: 33.12302839116719, 2: 27.129337539432175, 3: 16.7192429022082, 4: 10.410094637223974, 5: 6.624605678233438}",451.63,-77.20124999999928,5.444743935309973,15.0332005312085
A5_REJECT_BRK,VOLUME,MEDIUM,649,-1.1843393682589056,-0.03892387416685884,25.577812018489986,0.9282819061828095,-1.0346268656716417,59.932710843373435,-22.189371118012563,2.6134800550206325,2.494226327944573,1.0478119109480868,47.84240150093809,72.72727272727273,33,"{0.25: 67.33436055469954, 0.5: 57.01078582434515, 1: 43.6055469953775, 1.5: 34.9768875192604, 2: 27.73497688751926, 3: 17.719568567026194, 4: 12.01848998459168, 5: 7.704160246533128}",242.63,-62.98875000000145,5.548489503328213,11.240721102863203
A5_REJECT_BRK,VOLUME,HIGH,1039,-1.505057747834449,-0.07660672082087462,23.195380173243503,0.9382569910531645,-1.0254385964912274,98.60199170124476,-31.73788847117796,2.4032586558044806,2.9001156961048977,0.828676821077263,49.61636828644501,75.55341674687199,22,"{0.25: 67.94995187680462, 0.5: 59.095283926852744, 1: 44.56207892204042, 1.5: 34.64870067372473, 2: 27.62271414821944, 3: 17.998075072184793, 4: 10.202117420596728, 5: 5.871029836381136}",576.88,-93.55125000000146,5.488758553274683,13.78619153674833
A6_V_RECOVERY,RANGE,LOW,253,-2.792826086956534,-0.16136936424174567,23.715415019762847,0.7728121126574925,-1.049100529100529,40.05916666666672,-16.114689119170936,2.421796165489405,2.9554655870445345,0.8194296614738124,47.783251231527096,75.09881422924902,23,"{0.25: 66.40316205533597, 0.5: 56.52173913043478, 1: 42.29249011857708, 1.5: 34.78260869565217, 2: 26.877470355731226, 3: 18.972332015810277, 4: 9.881422924901186, 5: 6.324110671936759}",133.63,-41.57624999999927,5.300323188443723,12.338028169014084
A6_V_RECOVERY,RANGE,MEDIUM,352,-1.3021377840909003,-0.1105691609278598,24.147727272727273,0.9204925842197729,-1.0360672893220935,62.430000000000064,-21.59139513108605,2.818325898535499,2.6755546046561385,1.0533613829562298,51.440329218106996,73.86363636363636,27.5,"{0.25: 69.60227272727273, 0.5: 59.375, 1: 44.31818181818182, 1.5: 36.36363636363637, 2: 27.556818181818183, 3: 19.03409090909091, 4: 9.659090909090908, 5: 5.3977272727272725}",362.88,-72.55125000000146,5.173913043478261,9.509803921568627
A6_V_RECOVERY,RANGE,HIGH,374,0.1117513368984102,0.037006260232957056,20.855614973262032,1.0051701881963397,-1.0310576192456034,104.17487179487188,-27.31028716216205,3.549811328864995,3.214867801521188,1.1041857855509083,49.60629921259842,78.87700534759358,25.5,"{0.25: 64.43850267379679, 0.5: 58.288770053475936, 1: 45.98930481283423, 1.5: 39.037433155080215, 2: 31.550802139037433, 3: 19.518716577540108, 4: 13.368983957219251, 5: 9.62566844919786}",403.88,-102.25124999999855,6.49236086148097,18.820058997050147
A6_V_RECOVERY,VOLUME,LOW,117,-4.424807692307746,-0.3136131778562472,21.367521367521366,0.6214801830076332,-1.0612137203166163,34.0,-14.866331521739175,2.166199813258637,2.6275115919629055,0.824430164222552,41.83673469387755,77.77777777777777,21,"{0.25: 63.24786324786325, 0.5: 53.84615384615385, 1: 39.31623931623932, 1.5: 31.623931623931625, 2: 24.786324786324787, 3: 14.52991452991453, 4: 7.6923076923076925, 5: 5.128205128205129}",104.63,-72.55125000000146,5.048169556840077,10.563380281690142
A6_V_RECOVERY,VOLUME,MEDIUM,272,-3.496539522058813,-0.15592070692636686,22.794117647058822,0.750304142141946,-1.043183109522031,46.09370967741941,-18.13747023809516,2.865727483792642,2.789144932022805,1.0274573583074065,52.84974093264249,74.26470588235294,29.0,"{0.25: 72.42647058823529, 0.5: 61.029411764705884, 1: 45.220588235294116, 1.5: 35.661764705882355, 2: 28.308823529411764, 3: 19.485294117647058, 4: 10.661764705882353, 5: 6.617647058823529}",133.63,-58.02000000000145,5.300323188443723,11.841004184100418
A6_V_RECOVERY,VOLUME,HIGH,590,0.5857944915254407,0.022367324780526016,23.050847457627118,1.0293336971555505,-1.0321218453162588,89.17595588235282,-25.952227422907594,3.284784663156474,3.1075334565516477,1.0570391949380706,50.122249388753055,76.61016949152543,26.0,"{0.25: 64.91525423728814, 0.5: 57.79661016949152, 1: 45.08474576271186, 1.5: 38.644067796610166, 2: 30.0, 3: 20.0, 4: 12.033898305084746, 5: 7.966101694915254}",403.88,-102.25124999999855,5.685881173591394,16.60955816050496
A7_MEAN_REV,RANGE,LOW,141,0.43013297872352063,-0.010819734489295432,26.24113475177305,1.0294674433308002,-1.03850622406639,57.26513513513518,-19.79001201923056,1.8855218855218856,1.9339841933984194,0.9749417249417249,49.26470588235294,70.2127659574468,27,"{0.25: 63.12056737588652, 0.5: 56.737588652482266, 1: 46.09929078014184, 1.5: 34.04255319148936, 2: 28.368794326241133, 3: 17.02127659574468, 4: 12.056737588652481, 5: 8.51063829787234}",211.88,-55.84499999999854,5.229485396383866,10.103806228373703
A7_MEAN_REV,RANGE,MEDIUM,167,-0.9690269461078007,-0.09998448846982416,22.75449101796407,0.9554778950785735,-1.026544622425628,91.3931578947369,-28.17649224806196,2.2913719943422914,2.2747603833865813,1.0073025761645187,43.97163120567376,73.65269461077844,24,"{0.25: 63.47305389221557, 0.5: 55.08982035928144, 1: 43.11377245508982, 1.5: 35.92814371257485, 2: 26.94610778443114, 3: 17.964071856287426, 4: 8.982035928143713, 5: 4.790419161676646}",509.13,-77.44500000000073,5.226835082505186,12.722063037249285
A7_MEAN_REV,RANGE,HIGH,131,-5.697099236641352,-0.15405693397736656,25.954198473282442,0.8154952175407093,-1.018642024909602,97.019705882353,-41.700927835051644,2.488038277511962,2.613590671491757,0.9519617224880383,47.05882352941177,73.2824427480916,19,"{0.25: 77.09923664122137, 0.5: 64.8854961832061, 1: 51.14503816793893, 1.5: 38.16793893129771, 2: 28.244274809160306, 3: 15.267175572519085, 4: 7.633587786259542, 5: 2.2900763358778624}",576.88,-89.10749999999928,4.75699604743083,8.403252032520324
A7_MEAN_REV,VOLUME,LOW,43,-1.857790697674301,-0.21216186992168723,23.25581395348837,0.8534045344857722,-1.0547169811320705,46.504999999999995,-16.513181818181664,1.8855218855218856,1.606268364348678,1.1738523445840519,54.76190476190476,76.74418604651163,21,"{0.25: 67.44186046511628, 0.5: 55.81395348837209, 1: 44.18604651162791, 1.5: 34.883720930232556, 2: 27.906976744186046, 3: 13.953488372093023, 4: 6.976744186046512, 5: 2.3255813953488373}",131.13,-77.44500000000073,4.801530853089427,nan
A7_MEAN_REV,VOLUME,MEDIUM,115,-0.13402173913033638,0.021865473987154563,27.82608695652174,0.9919298783002171,-1.032745236414963,59.200312500000024,-23.009909638554028,2.298195631528965,2.0384047267355982,1.1274481467718183,44.66019417475728,69.56521739130434,31,"{0.25: 59.130434782608695, 0.5: 53.91304347826087, 1: 42.608695652173914, 1.5: 33.91304347826087, 2: 27.82608695652174, 3: 18.26086956521739, 4: 13.91304347826087, 5: 10.434782608695652}",238.88,-51.15749999999854,5.581107305232809,10.103806228373703
A7_MEAN_REV,VOLUME,HIGH,281,-2.676872775800782,-0.11315309462767445,23.843416370106763,0.8967205003184577,-1.021110100090991,97.4770149253732,-34.033463785046735,2.255541069100391,2.3840520748576077,0.946095554240403,46.08294930875576,72.95373665480427,20,"{0.25: 70.8185053380783, 0.5: 60.854092526690394, 1: 48.39857651245551, 1.5: 37.01067615658363, 2: 27.75800711743772, 3: 16.725978647686834, 4: 8.185053380782918, 5: 3.5587188612099645}",576.88,-89.10749999999928,5.168384879725086,11.676154332700822
A8_OPEN_DRIVE,RANGE,LOW,10,13.436875000000219,0.03611686228999291,40.0,1.9502656447521096,-1.022951306012918,68.9425,-23.566874999999637,2.081397203416982,2.5471442138108804,0.8171493361590718,33.333333333333336,60.0,14.0,"{0.25: 80.0, 0.5: 70.0, 1: 50.0, 1.5: 40.0, 2: 20.0, 3: 10.0, 4: 0.0, 5: 0.0}",194.13,-49.65749999999854,2.6482829178658274,nan
A8_OPEN_DRIVE,RANGE,MEDIUM,85,7.622426470588215,0.32570086500412004,34.11764705882353,1.2576051480772996,-1.0155287817938417,109.06965517241386,-44.91274553571428,2.9943791517629026,1.8138424821002388,1.6508485060377054,56.52173913043478,65.88235294117646,30,"{0.25: 77.6470588235294, 0.5: 64.70588235294117, 1: 51.76470588235294, 1.5: 44.705882352941174, 2: 40.0, 3: 21.176470588235293, 4: 15.294117647058824, 5: 8.235294117647058}",274.38,-78.34499999999855,5.859697386519945,9.573604060913706
A8_OPEN_DRIVE,RANGE,HIGH,133,4.64640037593983,0.03800289853594349,24.81203007518797,1.146141942235185,-1.0187172246873737,146.86484848484858,-42.28568749999995,2.173228346456693,2.068965517241379,1.0503937007874018,52.17391304347826,73.6842105263158,19,"{0.25: 64.66165413533835, 0.5: 53.38345864661654, 1: 39.849624060150376, 1.5: 33.08270676691729, 2: 27.06766917293233, 3: 21.05263157894737, 4: 12.030075187969924, 5: 6.7669172932330826}",332.88,-86.48249999999928,5.444162436548224,11.285420944558522
A8_OPEN_DRIVE,VOLUME,LOW,6,-17.949166666666425,-0.502265739592373,33.333333333333336,0.15503511043113433,-1.0280969067434227,9.88,-31.863749999999637,1.3612836438923395,2.5471442138108804,0.5344352457592775,25.0,66.66666666666667,12.0,"{0.25: 83.33333333333333, 0.5: 66.66666666666667, 1: 50.0, 1.5: 33.333333333333336, 2: 16.666666666666668, 3: 0.0, 4: 0.0, 5: 0.0}",12.88,-86.48249999999928,2.195634478243174,nan
A8_OPEN_DRIVE,VOLUME,MEDIUM,9,57.85500000000016,0.9342170951471203,55.55555555555556,5.789982061542784,0.9255696202531646,125.88,-27.176249999999637,4.843881856540085,1.2827004219409284,3.776315789473684,50.0,44.44444444444444,37,"{0.25: 77.77777777777777, 0.5: 77.77777777777777, 1: 66.66666666666667, 1.5: 66.66666666666667, 2: 66.66666666666667, 3: 55.55555555555556, 4: 11.11111111111111, 5: 0.0}",194.13,-32.10749999999927,5.769004124926341,nan
A8_OPEN_DRIVE,VOLUME,HIGH,213,4.634958920187761,0.13007402927117728,27.699530516431924,1.1484821133645895,-1.0177166857579225,129.4266101694916,-43.1748295454545,2.4905023216547066,1.9594594594594594,1.2710149779479192,53.888888888888886,71.36150234741784,20,"{0.25: 69.48356807511738, 0.5: 57.27699530516432, 1: 43.66197183098591, 1.5: 36.61971830985915, 2: 30.516431924882628, 3: 19.718309859154928, 4: 13.145539906103286, 5: 7.511737089201878}",332.88,-82.50750000000073,5.444162436548224,11.122112211221122
A9_OVN_RECLAIM,RANGE,LOW,11,2.9322727272724607,0.1857094071840276,36.36363636363637,1.104127322324978,-1.0169404892296456,85.505,-44.25214285714327,2.8798586572438163,2.320075757575758,1.2412778538977427,60.0,63.63636363636363,16,"{0.25: 72.72727272727273, 0.5: 63.63636363636363, 1: 45.45454545454545, 1.5: 36.36363636363637, 2: 27.272727272727273, 3: 27.272727272727273, 4: 9.090909090909092, 5: 0.0}",168.38,-86.52000000000146,5.168762274097681,nan
A9_OVN_RECLAIM,RANGE,MEDIUM,39,11.814134615384745,0.05453897181990933,30.76923076923077,1.5207354131613275,-1.0203063457330415,112.13,-32.77069444444425,2.2801302931596092,3.409090909090909,0.6688382193268188,51.42857142857143,69.23076923076923,21,"{0.25: 69.23076923076923, 0.5: 61.53846153846154, 1: 53.84615384615385, 1.5: 33.333333333333336, 2: 28.205128205128204, 3: 15.384615384615385, 4: 12.820512820512821, 5: 7.6923076923076925}",250.88,-67.67625000000146,4.183476904578725,nan
A9_OVN_RECLAIM,RANGE,HIGH,137,10.620967153284646,0.36469785822115325,28.467153284671532,1.4279313491150267,-1.021773815110277,124.49538461538468,-34.69640306122453,3.3105022831050226,2.2447102115915363,1.474801631858672,48.97959183673469,70.8029197080292,28,"{0.25: 66.42335766423358, 0.5: 60.583941605839414, 1: 48.90510948905109, 1.5: 42.33576642335766, 2: 34.306569343065696, 3: 22.62773722627737, 4: 16.78832116788321, 5: 10.94890510948905}",324.38,-99.41999999999928,6.5222348916761685,19.280169371912493
A9_OVN_RECLAIM,VOLUME,LOW,2,-42.07000000000073,-0.3760815191339101,50.0,0.027508090614886266,-0.3760815191339101,2.38,-86.52000000000146,2.5527351814674013,1.4566336337619066,1.7524895226225825,100.0,50.0,45.0,"{0.25: 100.0, 0.5: 50.0, 1: 50.0, 1.5: 0.0, 2: 0.0, 3: 0.0, 4: 0.0, 5: 0.0}",2.38,-86.52000000000146,1.8699186991869918,nan
A9_OVN_RECLAIM,VOLUME,MEDIUM,9,-11.646388888888806,-0.6128770082519154,22.22222222222222,0.5109470319954292,-1.0250000000000004,54.754999999999995,-30.61821428571418,2.3208191126279862,2.4581650317368724,0.9441266484000704,57.142857142857146,77.77777777777777,12,"{0.25: 66.66666666666667, 0.5: 55.55555555555556, 1: 22.22222222222222, 1.5: 22.22222222222222, 2: 11.11111111111111, 3: 11.11111111111111, 4: 0.0, 5: 0.0}",92.38,-52.226250000000725,3.9294849685763324,nan
A9_OVN_RECLAIM,VOLUME,HIGH,176,12.142251420454555,0.3431902617547376,29.545454545454547,1.4976826535094692,-1.021250688504151,123.67326923076931,-34.62882056451612,3.074667288445672,2.3772639706003997,1.2933638529292717,49.25373134328358,69.88636363636364,26.5,"{0.25: 67.04545454545455, 0.5: 61.36363636363637, 1: 51.13636363636363, 1.5: 41.47727272727273, 2: 34.09090909090909, 3: 22.15909090909091, 4: 16.477272727272727, 5: 10.227272727272727}",324.38,-99.41999999999928,5.603414959482517,17.3015873015873
