day,dir,D_pts,thr,beta,stop_pts,gross,net_base,net_stressed,stopped
2020-09-28,1,207.25,146.47,0.01638,38.75,11.25,10.38,9.51,0
2020-10-01,1,173.25,153.93,0.01573,40.25,-10.25,-11.12,-11.99,0
2020-10-02,-1,-283.50,155.43,0.01815,41.00,-41.00,-41.87,-42.74,1
2020-11-05,1,320.25,168.43,0.02029,45.25,-14.75,-15.62,-16.49,0
2020-11-10,-1,-203.75,171.93,0.01233,45.75,-34.75,-35.62,-36.49,0
2021-01-06,-1,-201.75,173.15,0.00671,32.25,-32.25,-33.12,-33.99,1
2021-02-22,-1,-187.25,174.60,0.00900,24.50,3.75,2.88,2.01,0
2021-02-23,-1,-198.75,175.65,0.00946,26.25,28.25,27.38,26.51,0
2021-03-08,-1,-179.50,172.83,0.00721,30.00,-30.00,-30.87,-31.74,1
2021-07-08,-1,-217.25,142.35,0.00761,32.75,0.75,-0.12,-0.99,0
2021-07-30,-1,-164.50,140.90,0.01225,31.50,9.00,8.13,7.26,0
2021-09-20,-1,-226.25,137.68,0.03805,27.25,36.75,35.88,35.01,0
2021-09-28,-1,-212.50,136.83,0.05050,28.50,21.25,20.38,19.51,0
2021-10-06,-1,-165.50,136.83,0.04789,30.25,-20.25,-21.12,-21.99,0
2021-10-07,1,185.50,136.83,0.04046,31.00,-15.75,-16.62,-17.49,0
2021-10-14,1,144.00,136.83,0.03303,31.00,14.50,13.63,12.76,0
2021-11-26,-1,-206.25,126.78,0.00775,32.50,-8.25,-9.12,-9.99,0
2021-11-29,1,159.00,129.70,0.00458,33.25,-9.75,-10.62,-11.49,0
2021-12-01,1,232.75,130.68,0.00250,34.25,-15.50,-16.37,-17.24,0
2022-01-26,1,263.50,158.20,0.00484,45.75,68.25,67.38,66.51,0
2022-02-02,1,258.25,163.95,0.02375,47.75,-47.75,-48.62,-49.49,1
2022-02-03,-1,-305.25,164.72,0.01317,49.50,6.50,5.63,4.76,0
2022-02-09,1,188.75,165.43,0.01298,52.50,9.75,8.88,8.01,0
2022-02-15,1,292.25,165.43,0.01333,54.25,-16.75,-17.62,-18.49,0
2022-02-22,1,203.50,165.40,0.01074,58.00,-43.50,-44.37,-45.24,0
2022-02-24,-1,-424.75,168.20,0.00272,59.00,43.50,42.63,41.76,0
2022-03-09,1,309.50,165.40,0.00505,65.00,15.75,14.88,14.01,0
2022-03-10,-1,-227.50,167.53,0.00692,65.00,-19.00,-19.87,-20.74,0
2022-03-11,1,178.50,167.53,0.00461,65.00,-1.00,-1.87,-2.74,0
2022-03-16,1,246.75,168.43,0.00417,71.25,-14.00,-14.87,-15.74,0
2022-04-06,-1,-240.50,172.78,0.00129,72.75,-14.00,-14.87,-15.74,0
2022-04-21,1,179.50,177.98,0.00135,65.00,-16.00,-16.87,-17.74,0
2022-04-28,1,261.50,179.40,0.00084,65.00,-38.50,-39.37,-40.24,0
2023-05-25,1,277.50,134.68,0.00327,35.50,11.75,10.88,10.01,0
2023-07-27,1,202.25,120.05,0.00864,34.25,16.00,15.13,14.26,0
2023-07-28,1,149.00,120.47,0.01402,34.25,27.50,26.63,25.76,0
2023-08-24,1,168.50,118.25,0.02425,39.25,-21.00,-21.87,-22.74,0
2023-09-07,-1,-120.25,118.25,0.03385,38.50,12.00,11.13,10.26,0
2023-09-21,-1,-166.00,118.22,0.04524,39.00,6.00,5.13,4.26,0
2023-10-09,-1,-120.75,117.78,0.04187,45.00,-23.25,-24.12,-24.99,0
2023-10-26,-1,-145.25,114.43,0.03184,46.25,-21.25,-22.12,-22.99,0
2023-11-02,1,135.75,115.20,0.02281,46.25,25.50,24.63,23.76,0
2023-12-21,1,119.00,112.85,0.02802,37.25,-10.50,-11.37,-12.24,0
2024-01-02,-1,-195.50,114.58,0.02365,34.50,-4.75,-5.62,-6.49,0
2024-01-18,1,137.75,111.50,0.01894,33.00,12.75,11.88,11.01,0
2024-01-19,1,129.25,111.50,0.02133,33.00,-5.25,-6.12,-6.99,0
2024-01-22,1,126.00,112.85,0.02013,33.00,-9.50,-10.37,-11.24,0
2024-01-24,1,133.75,112.85,0.01475,33.00,25.00,24.13,23.26,0
2024-01-31,-1,-156.25,111.50,0.00590,33.00,-1.00,-1.87,-2.74,0
2024-02-02,1,183.50,111.50,0.00367,33.00,-9.75,-10.62,-11.49,0
2024-02-13,-1,-131.00,111.50,0.00907,35.25,-9.25,-10.12,-10.99,0
2024-02-20,-1,-113.50,112.85,0.00174,36.50,0.75,-0.12,-0.99,0
2024-02-21,-1,-124.00,113.45,0.00953,36.50,-5.00,-5.87,-6.74,0
2024-02-22,1,351.00,115.08,0.00851,37.00,2.75,1.88,1.01,0
2024-03-18,1,204.50,115.08,0.00472,38.25,20.50,19.63,18.76,0
2024-03-21,1,155.25,117.73,0.00875,39.75,29.50,28.63,27.76,0
2024-04-24,1,116.50,115.08,0.00978,45.50,12.00,11.13,10.26,0
2024-04-25,-1,-157.75,116.38,0.01529,44.50,26.75,25.88,25.01,0
2024-04-26,1,174.25,117.85,0.01955,45.50,-26.25,-27.12,-27.99,0
2024-05-02,1,139.50,118.90,0.00998,44.00,7.50,6.63,5.76,0
2024-05-23,1,194.25,117.95,0.01573,42.25,13.75,12.88,12.01,0
2024-05-29,-1,-125.75,118.90,0.01600,43.50,4.75,3.88,3.01,0
2024-07-17,-1,-312.75,120.12,0.01743,36.00,-19.50,-20.37,-21.24,0
2024-07-22,1,185.00,118.90,0.00777,36.00,25.25,24.38,23.51,0
2024-07-24,-1,-221.75,120.12,0.01344,36.75,62.50,61.63,60.76,0
2024-07-26,1,221.00,120.70,0.02704,36.75,-4.00,-4.87,-5.74,0
2024-07-31,1,312.50,123.68,0.03287,36.75,37.00,36.13,35.26,0
2024-08-02,-1,-353.50,125.58,0.04237,36.75,-36.75,-37.62,-38.49,1
2024-08-05,-1,-917.00,125.97,0.02583,37.75,-37.75,-38.62,-39.49,1
2024-08-06,1,164.00,128.93,0.08978,38.00,-38.00,-38.87,-39.74,1
2024-08-07,1,224.00,130.83,0.08590,39.75,3.75,2.88,2.01,0
2024-08-23,1,152.75,130.83,0.09722,51.75,-9.25,-10.12,-10.99,0
2024-08-30,1,135.00,133.48,0.09719,50.75,24.75,23.88,23.01,0
2024-09-03,-1,-151.00,134.88,0.09752,51.75,-1.00,-1.87,-2.74,0
2024-09-04,-1,-139.50,135.68,0.09631,52.75,-1.50,-2.37,-3.24,0
2024-09-06,-1,-193.00,135.75,0.09555,51.75,-0.25,-1.12,-1.99,0
2024-09-09,1,137.75,137.55,0.09302,51.75,-30.25,-31.12,-31.99,0
2024-09-19,1,425.00,137.55,0.08772,54.00,-7.50,-8.37,-9.24,0
2024-09-26,1,290.25,137.75,0.08130,55.50,10.25,9.38,8.51,0
2024-10-17,1,171.00,139.33,0.07609,54.25,1.75,0.88,0.01,0
2024-10-24,1,196.25,139.33,0.07272,52.75,-10.75,-11.62,-12.49,0
2024-10-31,-1,-142.00,139.50,0.07095,48.00,-11.50,-12.37,-13.24,0
2024-11-06,1,342.50,141.75,0.06794,47.50,18.50,17.63,16.76,0
2024-12-13,1,188.00,150.53,0.06696,47.00,6.00,5.13,4.26,0
2024-12-19,1,177.25,152.58,0.06687,47.00,-14.75,-15.62,-16.49,0
2024-12-20,-1,-278.25,155.00,0.06534,46.50,-0.25,-1.12,-1.99,0
2024-12-30,-1,-221.00,155.00,0.06377,46.25,19.75,18.88,18.01,0
2025-01-02,1,223.00,156.15,0.06407,46.50,-23.25,-24.12,-24.99,0
2025-01-06,1,226.75,157.60,0.06174,46.50,7.00,6.13,5.26,0
2025-01-13,-1,-198.75,163.38,0.05696,46.50,6.75,5.88,5.01,0
2025-01-22,1,195.75,170.30,0.05779,47.25,10.75,9.88,9.01,0
2025-01-27,-1,-824.75,173.93,0.05837,46.75,-46.75,-47.62,-48.49,1
2025-05-01,1,366.50,223.90,0.00596,70.50,-18.75,-19.62,-20.49,0
2025-05-08,1,248.00,226.53,0.00060,74.00,9.50,8.63,7.76,0
2025-05-12,1,777.50,245.88,0.00094,74.00,50.25,49.38,48.51,0
2025-05-19,-1,-300.75,261.73,0.00927,77.00,29.75,28.88,28.01,0
2025-05-23,-1,-352.00,263.93,0.01195,77.25,18.50,17.63,16.76,0
2025-05-26,1,296.75,267.83,0.01280,78.50,-0.50,-1.37,-2.24,0
2025-05-29,1,282.25,273.43,0.01319,76.25,4.25,3.38,2.51,0
2025-07-31,1,279.25,263.20,0.03263,46.50,25.50,24.63,23.76,0
2025-09-01,-1,-299.50,263.93,0.03107,44.50,-7.00,-7.87,-8.74,0
2025-09-02,-1,-278.00,267.83,0.03079,44.50,59.00,58.13,57.26,0
2025-10-13,1,396.00,266.70,0.04519,43.00,16.25,15.38,14.51,0
2025-10-27,1,312.00,268.12,0.03661,46.50,16.75,15.88,15.01,0
2025-10-31,1,349.50,273.43,0.04549,45.00,43.75,42.88,42.01,0
2025-11-04,-1,-355.50,273.43,0.05127,45.00,41.75,40.88,40.01,0
2025-11-10,1,374.25,275.35,0.04995,47.25,9.00,8.13,7.26,0
2025-11-14,-1,-375.75,277.75,0.04648,47.75,15.50,14.63,13.76,0
2025-11-20,1,430.50,278.23,0.04190,48.25,-16.75,-17.62,-18.49,0
2026-01-19,-1,-355.25,279.12,0.02772,57.75,29.25,28.38,27.51,0
2026-03-02,-1,-368.50,277.75,0.02837,57.75,-57.75,-58.62,-59.49,1
2026-03-03,-1,-439.00,279.12,0.01872,58.00,53.50,52.63,51.76,0
2026-03-09,-1,-283.75,279.12,0.01760,65.50,-65.50,-66.37,-67.24,1
2026-04-02,-1,-518.75,277.73,0.00946,81.25,-42.25,-43.12,-43.99,0
2026-04-08,1,840.50,276.90,0.00100,83.25,-21.00,-21.87,-22.74,0
2026-05-25,1,420.25,266.95,0.00129,102.75,-6.75,-7.62,-8.49,0
2026-06-04,-1,-355.00,266.95,0.00013,95.50,32.50,31.63,30.76,0
2026-06-05,-1,-336.25,271.05,0.00342,97.25,32.00,31.13,30.26,0
2026-06-08,1,359.00,276.90,0.00669,97.25,82.00,81.13,80.26,0
2026-06-10,-1,-437.25,277.73,0.01129,100.00,-71.75,-72.62,-73.49,0
2026-06-11,1,371.00,277.98,0.00555,100.00,-100.00,-100.87,-101.74,1
2026-06-25,1,617.25,297.93,0.00559,92.00,-1.25,-2.12,-2.99,0
2026-06-26,-1,-395.25,310.75,0.00471,92.00,-92.00,-92.87,-93.74,1
2026-06-29,1,403.25,333.83,0.00212,92.00,12.25,11.38,10.51,0
2026-07-03,1,364.25,347.73,0.00108,92.00,-17.00,-17.87,-18.74,0
2026-07-21,1,369.25,349.50,0.00129,110.50,-19.25,-20.12,-20.99,0
2026-07-27,1,389.50,354.45,0.00433,107.25,-23.50,-24.37,-25.24,0
