day,dir,P0,P5,M_pts,thr90,stop_pts,entry,exit,gross,net_base,net_stress,stopped
2020-01-03,1,12086.50,12140.00,53.50,19.30,18.00,12140.25,12137.75,-2.50,-3.37,-4.50,0
2020-01-06,1,12054.75,12078.75,24.00,20.00,18.00,12079.25,12081.25,2.00,1.13,0.00,0
2020-01-23,-1,12509.00,12480.75,-28.25,20.00,19.25,12480.75,12485.25,-4.50,-5.37,-6.50,0
2020-01-30,1,12367.25,12405.75,38.50,20.00,19.50,12406.00,12427.00,21.00,20.13,19.00,0
2020-01-31,-1,12497.50,12466.50,-31.00,20.23,19.50,12466.00,12463.50,2.50,1.63,0.50,0
2020-02-03,1,12357.25,12385.25,28.00,20.75,19.50,12385.25,12404.00,18.75,17.88,16.75,0
2020-02-05,-1,12772.75,12745.00,-27.75,20.75,19.50,12744.75,12713.75,31.00,30.13,29.00,0
2020-02-07,-1,12727.00,12706.00,-21.00,20.75,21.50,12706.00,12714.75,-8.75,-9.62,-10.75,0
2020-02-10,1,12695.75,12730.50,34.75,20.93,21.75,12731.25,12741.00,9.75,8.88,7.75,0
2020-02-11,-1,12892.50,12869.25,-23.25,21.30,21.75,12868.75,12859.75,9.00,8.13,7.00,0
2020-02-18,1,12899.50,12924.75,25.25,21.67,22.50,12925.25,12916.25,-9.00,-9.87,-11.00,0
2020-02-24,1,12418.00,12450.25,32.25,22.73,25.75,12451.00,12480.00,29.00,28.13,27.00,0
2020-02-28,1,11477.50,11590.75,113.25,23.40,27.75,11590.75,11608.75,18.00,17.13,16.00,0
2020-03-02,-1,11879.75,11848.50,-31.25,23.80,27.75,11846.50,11807.75,38.75,37.88,36.75,0
2020-03-03,-1,12217.25,12167.00,-50.25,24.00,28.75,12167.00,12141.00,26.00,25.13,24.00,0
2020-03-05,1,12032.50,12076.25,43.75,24.00,30.00,12076.75,12084.50,7.75,6.88,5.75,0
2020-03-06,1,11700.50,11738.50,38.00,24.20,30.00,11738.25,11764.50,26.25,25.38,24.25,0
2020-03-11,1,11479.50,11515.50,36.00,24.70,30.25,11514.75,11476.00,-30.25,-31.12,-32.25,1
2020-03-18,1,10266.00,10446.25,180.25,25.08,33.00,10445.75,10427.50,-33.00,-33.87,-35.00,1
2020-03-19,-1,10498.75,10416.25,-82.50,25.55,33.50,10416.75,10385.25,31.50,30.63,29.50,0
2020-03-24,1,10686.75,10738.25,51.50,26.60,35.25,10737.75,10692.75,-35.25,-36.12,-37.25,1
2020-03-25,1,10874.75,10923.00,48.25,26.75,36.75,10923.50,10983.50,60.00,59.13,58.00,0
2020-03-26,1,10849.50,10893.00,43.50,27.45,37.50,10893.50,10924.50,31.00,30.13,29.00,0
2020-03-30,1,10982.50,11029.00,46.50,27.88,39.00,11029.75,10986.75,-39.00,-39.87,-41.00,1
2020-04-01,1,10884.25,10916.50,32.25,28.08,41.50,10916.25,10930.75,14.50,13.63,12.50,0
2020-04-02,1,10753.50,10817.25,63.75,28.80,42.00,10817.25,10818.00,0.75,-0.12,-1.25,0
2020-04-09,-1,11605.50,11568.25,-37.25,30.85,45.50,11569.75,11604.50,-34.75,-35.62,-36.75,0
2020-04-23,1,11997.50,12041.50,44.00,30.90,56.25,12040.50,12050.00,9.50,8.63,7.50,0
2020-04-30,-1,12337.00,12295.50,-41.50,31.08,59.50,12295.50,12280.75,14.75,13.88,12.75,0
2020-05-01,1,12111.50,12161.50,50.00,31.45,60.75,12161.75,12132.50,-29.25,-30.12,-31.25,0
2020-05-13,-1,12443.25,12394.50,-48.75,31.65,62.25,12394.25,12407.25,-13.00,-13.87,-15.00,0
2020-07-07,1,13911.50,13946.25,34.75,30.48,49.75,13946.25,13893.00,-49.75,-50.62,-51.75,1
2020-07-08,1,13905.50,13937.75,32.25,30.95,50.50,13938.00,13938.50,0.50,-0.37,-1.50,0
2020-07-10,-1,14066.50,14025.25,-41.25,31.23,51.25,14024.50,14020.00,4.50,3.63,2.50,0
2020-07-14,1,13824.75,13912.50,87.75,32.15,51.50,13912.75,13913.25,0.50,-0.37,-1.50,0
2020-07-23,-1,14174.75,14140.75,-34.00,32.25,52.25,14140.50,14158.25,-17.75,-18.62,-19.75,0
2020-07-30,1,13898.75,13933.75,35.00,32.25,52.25,13934.00,13930.50,-3.50,-4.37,-5.50,0
2020-07-31,-1,14227.50,14167.50,-60.00,32.25,51.50,14167.50,14123.25,44.25,43.38,42.25,0
2020-08-11,-1,14359.25,14309.50,-49.75,33.83,47.75,14309.50,14341.50,-32.00,-32.87,-34.00,0
2020-08-12,1,14289.75,14325.25,35.50,34.68,47.75,14325.50,14321.25,-4.25,-5.12,-6.25,0
2020-08-27,-1,15345.50,15292.75,-52.75,34.75,46.50,15292.50,15252.50,40.00,39.13,38.00,0
2020-09-01,-1,15530.75,15476.75,-54.00,34.98,47.25,15477.00,15495.75,-18.75,-19.62,-20.75,0
2020-09-03,-1,15556.75,15512.00,-44.75,35.45,47.25,15511.50,15547.00,-35.50,-36.37,-37.50,0
2020-09-04,1,15046.00,15139.00,93.00,35.95,47.25,15138.00,15108.75,-29.25,-30.12,-31.25,0
2020-09-08,1,14489.75,14550.00,60.25,37.13,47.25,14547.75,14572.00,24.25,23.38,22.25,0
2020-10-02,1,14666.50,14711.25,44.75,37.93,54.75,14712.50,14764.50,52.00,51.13,50.00,0
2020-10-13,-1,15502.00,15446.25,-55.75,38.45,53.75,15446.75,15394.00,52.75,51.88,50.75,0
2020-10-15,1,15125.50,15166.75,41.25,40.98,53.75,15167.50,15170.25,2.75,1.88,0.75,0
2020-11-06,-1,15385.50,15330.00,-55.50,41.25,54.75,15330.50,15273.00,57.50,56.63,55.50,0
2020-11-09,-1,15541.75,15444.00,-97.75,41.48,54.75,15443.50,15456.75,-13.25,-14.12,-15.25,0
2020-12-21,1,15930.25,15977.25,47.00,43.30,48.50,15977.25,15988.75,11.50,10.63,9.50,0
2021-01-05,1,15999.25,16043.25,44.00,43.30,46.75,16043.00,16072.50,29.50,28.63,27.50,0
2021-01-27,-1,16738.50,16622.00,-116.50,43.73,48.50,16622.00,16613.75,8.25,7.38,6.25,0
2021-02-23,-1,16349.00,16297.50,-51.50,43.98,45.00,16297.00,16227.25,69.75,68.88,67.75,0
2021-02-25,1,16529.75,16595.50,65.75,44.00,46.75,16595.75,16626.75,31.00,30.13,29.00,0
2021-03-04,1,16012.50,16094.75,82.25,43.95,50.00,16095.50,16101.75,6.25,5.38,4.25,0
2021-03-05,-1,15931.75,15870.00,-61.75,44.00,50.50,15870.50,15812.75,57.75,56.88,55.75,0
2021-03-08,-1,15984.25,15892.00,-92.25,44.68,51.00,15891.75,15942.00,-51.00,-51.87,-53.00,1
2021-03-10,-1,16316.50,16270.25,-46.25,44.75,50.75,16270.25,16242.50,27.75,26.88,25.75,0
2021-03-11,1,16299.75,16348.00,48.25,46.10,50.75,16344.75,16334.25,-10.50,-11.37,-12.50,0
2021-04-16,-1,17396.50,17340.25,-56.25,43.75,54.50,17340.75,17343.75,-3.00,-3.87,-5.00,0
2021-05-04,-1,17040.50,16998.00,-42.50,41.25,51.50,16997.75,16987.50,10.25,9.38,8.25,0
2021-05-06,-1,16842.00,16788.50,-53.50,42.38,51.75,16788.50,16865.00,-51.75,-52.62,-53.75,1
2021-05-10,-1,17008.00,16926.00,-82.00,42.38,53.00,16925.75,16913.50,12.25,11.38,10.25,0
2021-05-19,1,16342.00,16387.50,45.50,43.85,58.50,16387.50,16364.50,-23.00,-23.87,-25.00,0
2021-06-21,-1,17424.25,17370.25,-54.00,44.00,45.75,17370.00,17351.00,19.00,18.13,17.00,0
2021-06-28,1,17766.50,17811.75,45.25,44.68,45.25,17812.00,17826.25,14.25,13.38,12.25,0
2021-07-15,-1,18265.75,18206.75,-59.00,44.68,45.25,18207.00,18177.75,29.25,28.38,27.25,0
2021-08-31,-1,18980.00,18927.25,-52.75,43.18,45.00,18927.25,18926.50,0.75,-0.12,-1.25,0
2021-09-17,-1,18866.25,18822.75,-43.50,43.18,47.00,18822.75,18799.00,23.75,22.88,21.75,0
2021-10-07,1,18264.00,18315.00,51.00,42.38,49.50,18314.75,18298.75,-16.00,-16.87,-18.00,0
2021-10-08,-1,18314.75,18251.25,-63.50,43.18,49.50,18251.50,18259.75,-8.25,-9.12,-10.25,0
2021-11-24,-1,19580.75,19531.50,-49.25,42.48,53.25,19530.50,19514.50,16.00,15.13,14.00,0
2021-11-26,1,19632.00,19678.00,46.00,43.18,53.75,19678.00,19643.50,-53.75,-54.62,-55.75,1
2021-12-01,-1,19720.50,19668.00,-52.50,43.25,55.50,19668.25,19669.50,-1.25,-2.12,-3.25,0
2021-12-06,-1,19116.25,19008.00,-108.25,43.48,58.75,19008.75,18960.25,48.50,47.63,46.50,0
2021-12-09,1,19718.00,19770.25,52.25,43.50,60.50,19770.75,19783.00,12.25,11.38,10.25,0
2021-12-17,1,19090.75,19145.00,54.25,43.50,67.50,19145.25,19076.25,-67.50,-68.37,-69.50,1
2021-12-27,1,19725.00,19793.00,68.00,43.95,67.50,19793.00,19811.25,18.25,17.38,16.25,0
2021-12-31,1,19785.75,19833.75,48.00,43.95,63.00,19834.00,19829.50,-4.50,-5.37,-6.50,0
2022-01-03,1,19760.75,19816.50,55.75,45.13,63.00,19816.25,19843.25,27.00,26.13,25.00,0
2022-01-05,-1,19578.25,19493.25,-85.00,45.48,64.50,19493.25,19533.50,-40.25,-41.12,-42.25,0
2022-01-06,1,19069.00,19171.25,102.25,45.95,64.50,19171.25,19194.50,23.25,22.38,21.25,0
2022-01-07,-1,19135.50,19085.25,-50.25,46.23,67.50,19085.00,19107.00,-22.00,-22.87,-24.00,0
2022-01-10,-1,18755.50,18703.25,-52.25,47.83,70.50,18702.50,18704.00,-1.50,-2.37,-3.50,0
2022-01-18,-1,18725.25,18670.50,-54.75,48.23,74.75,18669.75,18672.00,-2.25,-3.12,-4.25,0
2022-01-21,1,18124.00,18185.50,61.50,48.23,74.75,18185.00,18126.75,-58.25,-59.12,-60.25,0
2022-01-26,-1,17853.75,17799.25,-54.50,49.15,80.50,17799.00,17776.25,22.75,21.88,20.75,0
2022-01-27,-1,17711.25,17656.00,-55.25,50.15,78.75,17655.25,17637.25,18.00,17.13,16.00,0
2022-01-28,-1,17445.75,17349.25,-96.50,50.93,80.50,17350.75,17318.25,32.50,31.63,30.50,0
2022-02-04,-1,17896.25,17841.50,-54.75,51.45,86.75,17841.50,17836.25,5.25,4.38,3.25,0
2022-02-18,-1,17582.50,17528.50,-54.00,50.93,87.00,17528.75,17510.50,18.25,17.38,16.25,0
2022-02-24,1,16451.75,16566.50,114.75,50.93,87.00,16566.75,16681.00,114.25,113.38,112.25,0
2022-02-28,1,17420.75,17472.25,51.50,50.15,87.75,17472.75,17442.50,-30.25,-31.12,-32.25,0
2022-03-29,1,18528.00,18584.25,56.25,50.93,92.25,18584.50,18541.25,-43.25,-44.12,-45.25,0
2022-04-07,1,17847.00,17917.75,70.75,50.93,91.00,17917.75,17939.25,21.50,20.63,19.50,0
2022-04-18,1,17230.00,17292.00,62.00,51.48,91.50,17291.75,17265.00,-26.75,-27.62,-28.75,0
2022-04-21,1,17552.75,17639.50,86.75,52.18,89.00,17639.00,17639.75,0.75,-0.12,-1.25,0
2022-04-26,-1,16824.00,16753.75,-70.25,52.25,89.00,16754.00,16724.75,29.25,28.38,27.25,0
2022-04-27,1,16401.75,16476.00,74.25,52.48,89.00,16475.50,16511.00,35.50,34.63,33.50,0
2022-05-06,-1,16139.00,16064.25,-74.75,52.25,84.75,16064.00,15973.00,91.00,90.13,89.00,0
2022-05-19,1,15245.00,15298.25,53.25,52.48,95.00,15298.00,15329.75,31.75,30.88,29.75,0
2022-05-25,1,15097.25,15160.25,63.00,52.73,95.00,15160.50,15200.50,40.00,39.13,38.00,0
2022-05-26,1,15293.25,15361.00,67.75,53.20,95.00,15361.00,15409.75,48.75,47.88,46.75,0
2022-05-31,-1,16057.75,15960.25,-97.50,53.93,95.25,15960.50,15941.75,18.75,17.88,16.75,0
2022-06-01,1,16113.00,16168.00,55.00,54.00,95.00,16168.50,16146.00,-22.50,-23.37,-24.50,0
2022-06-10,-1,15415.00,15356.50,-58.50,54.23,93.25,15358.00,15368.50,-10.50,-11.37,-12.50,0
2022-06-13,1,14842.00,14903.25,61.25,54.48,90.25,14903.25,14872.75,-30.50,-31.37,-32.50,0
2022-06-17,1,14536.75,14613.25,76.50,54.73,90.00,14612.50,14600.00,-12.50,-13.37,-14.50,0
2022-06-24,1,15195.25,15250.75,55.50,54.75,88.50,15250.50,15262.50,12.00,11.13,10.00,0
2022-06-27,-1,15534.75,15460.50,-74.25,54.98,88.50,15461.00,15453.25,7.75,6.88,5.75,0
2022-06-28,1,15409.50,15491.25,81.75,55.23,88.50,15491.50,15503.00,11.50,10.63,9.50,0
2022-06-29,-1,15015.00,14937.75,-77.25,55.48,87.25,14937.50,14941.50,-4.00,-4.87,-6.00,0
2022-07-07,1,15265.50,15335.75,70.25,55.48,88.50,15336.50,15342.00,5.50,4.63,3.50,0
2022-08-05,1,16464.50,16526.50,62.00,55.73,84.00,16526.50,16537.25,10.75,9.88,8.75,0
2022-08-09,-1,16447.75,16389.75,-58.00,56.20,82.50,16390.00,16393.00,-3.00,-3.87,-5.00,0
2022-08-15,1,16881.75,16946.25,64.50,57.83,81.00,16945.75,16933.75,-12.00,-12.87,-14.00,0
2022-08-29,1,15849.00,15914.25,65.25,58.45,76.50,15914.00,15910.25,-3.75,-4.62,-5.75,0
2022-08-31,-1,15823.25,15758.00,-65.25,60.98,76.00,15757.50,15769.25,-11.75,-12.62,-13.75,0
2022-09-02,-1,15751.50,15666.50,-85.00,61.48,74.25,15666.75,15695.75,-29.00,-29.87,-31.00,0
2022-09-14,-1,15441.75,15374.75,-67.00,61.95,71.25,15374.75,15398.00,-23.25,-24.12,-25.25,0
2022-09-26,1,14624.00,14690.25,66.25,62.00,68.25,14691.00,14714.25,23.25,22.38,21.25,0
2022-10-28,1,14484.00,14557.25,73.25,62.00,66.75,14557.00,14594.25,37.25,36.38,35.25,0
2022-11-04,-1,14203.50,14135.25,-68.25,62.90,67.25,14135.75,14098.75,37.00,36.13,35.00,0
2022-11-18,-1,15108.75,15041.25,-67.50,64.35,66.25,15041.75,15020.50,21.25,20.38,19.25,0
2022-12-13,-1,15442.25,15370.50,-71.75,64.35,66.25,15370.75,15375.50,-4.75,-5.62,-6.75,0
2022-12-28,1,14054.25,14129.75,75.50,62.90,66.00,14129.50,14121.75,-7.75,-8.62,-9.75,0
2023-01-10,1,14296.75,14393.00,96.25,62.90,63.25,14393.75,14365.50,-28.25,-29.12,-30.25,0
2023-05-25,-1,16986.25,16927.75,-58.50,58.00,40.50,16928.00,16904.25,23.75,22.88,21.75,0
2023-06-02,1,17574.75,17650.25,75.50,58.45,41.00,17650.50,17641.75,-8.75,-9.62,-10.75,0
2023-06-07,1,17623.50,17701.25,77.75,58.00,39.75,17701.25,17679.50,-21.75,-22.62,-23.75,0
2023-06-16,-1,18323.25,18257.75,-65.50,58.00,40.50,18258.00,18240.75,17.25,16.38,15.25,0
2023-08-24,-1,18188.00,18109.25,-78.75,51.55,48.75,18109.50,18090.75,18.75,17.88,16.75,0
2023-09-08,1,18125.50,18192.00,66.50,49.73,54.00,18192.00,18198.25,6.25,5.38,4.25,0
2023-09-18,1,18013.75,18064.50,50.75,49.73,54.75,18064.50,18067.50,3.00,2.13,1.00,0
2023-10-16,1,17833.75,17890.00,56.25,46.60,56.25,17890.25,17894.25,4.00,3.13,2.00,0
2023-10-18,1,17788.25,17848.00,59.75,48.55,55.00,17848.00,17810.75,-37.25,-38.12,-39.25,0
2023-10-25,-1,17399.25,17330.25,-69.00,48.55,57.00,17329.75,17318.00,11.75,10.88,9.75,0
2023-11-20,1,18553.00,18618.50,65.50,46.60,50.25,18618.25,18627.00,8.75,7.88,6.75,0
2023-11-22,1,18727.50,18795.00,67.50,48.55,49.50,18795.00,18807.50,12.50,11.63,10.50,0
2023-12-06,-1,18691.50,18623.50,-68.00,44.93,50.25,18623.75,18600.50,23.25,22.38,21.25,0
2024-01-17,-1,19272.00,19208.00,-64.00,42.00,45.75,19208.50,19216.25,-7.75,-8.62,-9.75,0
2024-01-22,1,19975.50,20019.50,44.00,42.45,44.25,20020.25,19995.75,-24.50,-25.37,-26.50,0
2024-01-23,-1,19934.75,19867.75,-67.00,42.73,44.25,19867.50,19902.25,-34.75,-35.62,-36.75,0
2024-03-05,-1,20580.75,20521.50,-59.25,41.98,42.25,20522.00,20527.50,-5.50,-6.37,-7.50,0
2024-03-11,-1,20424.00,20360.75,-63.25,41.98,44.25,20360.75,20429.50,-44.25,-45.12,-46.25,1
2024-03-12,-1,20510.50,20465.00,-45.50,41.98,45.50,20464.50,20429.75,34.75,33.88,32.75,0
2024-03-27,-1,20765.50,20719.75,-45.75,42.00,46.50,20720.00,20699.25,20.75,19.88,18.75,0
2024-04-01,1,20700.00,20749.75,49.75,42.00,48.00,20749.75,20794.25,44.50,43.63,42.50,0
2024-04-15,-1,20534.75,20469.25,-65.50,42.45,53.75,20469.25,20490.00,-20.75,-21.62,-22.75,0
2024-05-20,1,20841.75,20887.00,45.25,42.00,53.75,20887.00,20898.75,11.75,10.88,9.75,0
2024-05-23,-1,21181.75,21137.00,-44.75,42.45,53.25,21137.25,21143.25,-6.00,-6.87,-8.00,0
2024-05-30,-1,20964.25,20916.75,-47.50,41.98,53.75,20917.00,20934.75,-17.75,-18.62,-19.75,0
2024-06-04,-1,20837.25,20793.50,-43.75,42.45,53.25,20793.75,20826.00,-32.25,-33.12,-34.25,0
2024-06-07,-1,21240.00,21195.50,-44.50,42.73,52.50,21195.00,21200.00,-5.00,-5.87,-7.00,0
2024-06-20,-1,22184.25,22141.50,-42.75,42.45,49.50,22141.25,22171.75,-30.50,-31.37,-32.50,0
2024-06-27,1,21929.25,21989.00,59.75,42.73,49.50,21988.75,22031.75,43.00,42.13,41.00,0
2024-07-03,1,22155.00,22200.50,45.50,42.75,49.50,22200.75,22190.50,-10.25,-11.12,-12.25,0
2024-07-22,-1,21893.75,21850.00,-43.75,43.20,47.25,21849.75,21889.25,-47.25,-48.12,-49.25,1
2024-07-24,-1,21577.50,21520.50,-57.00,43.70,48.00,21520.75,21475.00,45.75,44.88,43.75,0
2024-07-25,-1,21156.00,21098.00,-58.00,43.75,49.50,21098.25,21074.25,24.00,23.13,22.00,0
2024-07-26,-1,21102.50,21036.75,-65.75,43.98,49.50,21036.25,21069.00,-32.75,-33.62,-34.75,0
2024-07-31,-1,21311.25,21250.00,-61.25,44.45,51.00,21250.25,21300.25,-51.00,-51.87,-53.00,1
2024-08-02,-1,20589.75,20481.50,-108.25,44.73,51.75,20481.25,20657.75,-51.75,-52.62,-53.75,1
2024-08-05,1,19501.25,19616.75,115.50,45.20,52.75,19616.25,19798.75,182.50,181.63,180.50,0
2024-08-20,1,21756.50,21802.50,46.00,45.20,63.50,21802.50,21789.25,-13.25,-14.12,-15.25,0
2024-08-29,1,21436.25,21527.50,91.25,45.48,63.50,21528.00,21515.00,-13.00,-13.87,-15.00,0
2024-09-03,-1,21416.50,21361.00,-55.50,45.48,65.25,21360.50,21332.50,28.00,27.13,26.00,0
2024-09-11,-1,20841.00,20784.00,-57.00,45.48,71.50,20784.50,20771.75,12.75,11.88,10.75,0
2024-09-16,-1,21374.50,21282.50,-92.00,45.50,73.75,21282.75,21300.75,-18.00,-18.87,-20.00,0
2024-09-26,-1,22207.25,22153.50,-53.75,45.73,72.00,22153.75,22149.00,4.75,3.88,2.75,0
2024-09-30,1,21882.50,21928.75,46.25,45.98,72.75,21928.75,21946.25,17.50,16.63,15.50,0
2024-10-01,-1,21955.50,21878.00,-77.50,46.23,72.75,21879.25,21807.50,71.75,70.88,69.75,0
2024-10-03,1,21615.75,21679.50,63.75,47.38,74.75,21679.00,21668.25,-10.75,-11.62,-12.75,0
2024-10-16,-1,22056.75,22005.75,-51.00,46.23,71.00,22006.00,21973.75,32.25,31.38,30.25,0
2024-10-17,-1,22276.75,22184.25,-92.50,46.23,70.00,22184.50,22136.75,47.75,46.88,45.75,0
2024-10-29,-1,22214.50,22146.00,-68.50,47.38,64.25,22146.25,22155.25,-9.00,-9.87,-11.00,0
2024-10-31,-1,22069.00,21985.25,-83.75,49.53,63.00,21986.25,21973.50,12.75,11.88,10.75,0
2024-11-04,-1,21823.75,21751.75,-72.00,50.88,63.00,21752.00,21744.75,7.25,6.38,5.25,0
2024-11-05,1,21855.75,21913.25,57.50,53.48,63.00,21913.75,21936.25,22.50,21.63,20.50,0
2024-11-21,-1,22578.75,22499.25,-79.50,50.88,63.50,22499.50,22356.75,142.75,141.88,140.75,0
2024-12-02,1,22746.25,22817.00,70.75,52.35,63.00,22817.25,22822.75,5.50,4.63,3.50,0
2024-12-27,-1,23262.25,23192.00,-70.25,53.63,58.50,23191.50,23139.75,51.75,50.88,49.75,0
2024-12-30,-1,22825.00,22765.50,-59.50,55.33,59.00,22765.50,22779.50,-14.00,-14.87,-16.00,0
2025-01-02,-1,22764.50,22684.00,-80.50,56.85,60.00,22683.75,22593.25,90.50,89.63,88.50,0
2025-01-16,-1,22911.50,22844.50,-67.00,55.33,66.00,22844.75,22862.25,-17.50,-18.37,-19.50,0
2025-01-17,-1,23063.50,22972.50,-91.00,56.85,66.00,22972.75,22941.25,31.50,30.63,29.50,0
2025-01-27,1,22541.25,22654.00,112.75,57.00,66.50,22653.75,22700.50,46.75,45.88,44.75,0
2025-01-29,-1,23016.50,22954.25,-62.25,57.45,67.75,22954.50,22961.00,-6.50,-7.37,-8.50,0
2025-02-07,1,23302.00,23361.75,59.75,57.95,68.75,23362.00,23363.50,1.50,0.63,-0.50,0
2025-02-11,1,23122.00,23190.50,68.50,59.13,68.75,23190.50,23198.50,8.00,7.13,6.00,0
2025-02-13,1,23285.75,23353.25,67.50,59.48,69.50,23353.50,23271.25,-69.50,-70.37,-71.50,1
2025-02-28,-1,22007.25,21882.25,-125.00,59.73,69.50,21882.00,21994.50,-69.50,-70.37,-71.50,1
2025-03-07,1,21454.00,21517.75,63.75,59.73,84.75,21517.75,21507.75,-10.00,-10.87,-12.00,0
2025-03-10,-1,21298.50,21236.00,-62.50,59.75,86.00,21235.50,21257.25,-21.75,-22.62,-23.75,0
2025-03-14,1,20881.25,20954.00,72.75,61.10,90.00,20954.25,20998.25,44.00,43.13,42.00,0
2025-03-20,1,20998.75,21078.00,79.25,62.15,95.50,21078.00,21106.25,28.25,27.38,26.25,0
2025-03-31,-1,20379.75,20245.25,-134.50,62.48,90.75,20245.50,20282.25,-36.75,-37.62,-38.75,0
2025-04-02,1,20540.25,20630.25,90.00,63.63,90.75,20630.75,20711.50,80.75,79.88,78.75,0
2025-04-03,1,20135.25,20263.50,128.25,63.75,91.50,20263.00,20270.50,7.50,6.63,5.50,0
2025-04-09,1,18419.00,18488.75,69.75,63.75,94.00,18490.75,18646.75,156.00,155.13,154.00,0
2025-04-17,-1,19710.75,19624.50,-86.25,65.55,99.50,19624.50,19618.00,6.50,5.63,4.50,0
2025-05-12,-1,22131.00,22018.50,-112.50,66.88,99.50,22018.25,21998.50,19.75,18.88,17.75,0
2025-05-14,1,22526.75,22607.50,80.75,67.45,99.50,22607.50,22586.00,-21.50,-22.37,-23.50,0
2025-06-02,1,22499.75,22617.75,118.00,68.40,88.50,22618.25,22668.50,50.25,49.38,48.25,0
2025-06-13,1,22892.25,22976.75,84.50,68.50,79.25,22976.75,22994.50,17.75,16.88,15.75,0
2025-06-23,-1,22869.75,22785.50,-84.25,69.62,77.00,22785.25,22868.50,-77.00,-77.87,-79.00,1
2025-07-31,-1,24748.25,24679.00,-69.25,68.50,57.25,24678.75,24659.50,19.25,18.38,17.25,0
2025-08-01,-1,24088.75,24013.50,-75.25,69.18,57.25,24013.75,23992.25,21.50,20.63,19.50,0
2025-08-19,-1,24762.75,24667.50,-95.25,69.70,56.75,24667.50,24693.25,-25.75,-26.62,-27.75,0
2025-08-28,1,24641.00,24729.00,88.00,69.70,56.25,24728.50,24719.50,-9.00,-9.87,-11.00,0
2025-10-14,-1,25401.25,25325.00,-76.25,68.50,54.50,25325.00,25272.50,52.50,51.63,50.50,0
2025-10-22,-1,26028.50,25948.00,-80.50,69.18,58.75,25947.50,25989.00,-41.50,-42.37,-43.50,0
2025-10-30,-1,26889.00,26807.25,-81.75,68.43,58.75,26806.75,26724.00,82.75,81.88,80.75,0
2025-11-12,-1,26541.75,26441.50,-100.25,69.18,66.50,26441.75,26445.75,-4.00,-4.87,-6.00,0
2025-11-14,-1,25486.00,25407.25,-78.75,69.70,68.25,25406.75,25563.50,-68.25,-69.12,-70.25,1
2025-11-17,1,25761.00,25857.50,96.50,70.20,68.25,25857.50,25934.25,76.75,75.88,74.75,0
2025-11-24,1,25285.50,25445.75,160.25,70.20,71.00,25446.25,25418.25,-28.00,-28.87,-30.00,0
2025-12-04,-1,26475.00,26330.25,-144.75,70.20,71.25,26330.75,26380.50,-49.75,-50.62,-51.75,0
2025-12-05,1,26443.25,26521.00,77.75,72.50,71.25,26521.50,26494.50,-27.00,-27.87,-29.00,0
2025-12-15,-1,26176.00,26083.00,-93.00,75.00,78.00,26083.75,26061.50,22.25,21.38,20.25,0
2025-12-19,1,25874.75,25964.00,89.25,76.15,83.75,25964.00,25963.50,-0.50,-1.37,-2.50,0
2026-01-08,-1,26295.50,26216.00,-79.50,76.15,87.25,26215.75,26188.50,27.25,26.38,25.25,0
2026-01-12,1,26256.00,26366.25,110.25,77.60,86.00,26366.00,26392.75,26.75,25.88,24.75,0
2026-01-20,1,25753.50,25856.25,102.75,77.60,84.00,25856.75,25811.50,-45.25,-46.12,-47.25,0
2026-02-02,1,26052.25,26148.00,95.75,77.60,88.50,26148.50,26207.50,59.00,58.13,57.00,0
2026-02-04,-1,25895.00,25796.50,-98.50,78.65,90.75,25796.75,25862.50,-90.75,-91.62,-92.75,1
2026-02-06,1,25270.00,25367.25,97.25,79.20,95.00,25367.25,25421.25,54.00,53.13,52.00,0
2026-02-17,1,25168.75,25267.75,99.00,79.47,95.00,25267.75,25306.75,39.00,38.13,37.00,0
2026-02-20,1,25225.25,25315.00,89.75,80.40,100.25,25315.00,25358.25,43.25,42.38,41.25,0
2026-03-02,1,25154.50,25343.75,189.25,80.40,104.25,25343.25,25315.25,-28.00,-28.87,-30.00,0
2026-03-04,1,25363.00,25475.25,112.25,80.72,105.50,25474.50,25396.50,-78.00,-78.87,-80.00,0
2026-03-05,1,25497.75,25603.50,105.75,81.65,106.50,25603.25,25603.25,0.00,-0.87,-2.00,0
2026-03-20,-1,24783.50,24696.25,-87.25,84.00,104.25,24696.75,24684.25,12.50,11.63,10.50,0
2026-03-27,-1,23950.25,23860.25,-90.00,84.00,105.50,23860.75,23890.00,-29.25,-30.12,-31.25,0
2026-04-06,1,24560.75,24649.50,88.75,81.65,108.00,24649.25,24590.25,-108.00,-108.87,-110.00,1
2026-04-30,-1,27787.00,27640.75,-146.25,81.65,94.50,27640.00,27591.50,48.50,47.63,46.50,0
2026-05-01,1,27928.25,28032.50,104.25,84.00,94.50,28032.00,28065.25,33.25,32.38,31.25,0
2026-05-08,1,29173.50,29259.50,86.00,84.00,89.25,29259.25,29262.00,2.75,1.88,0.75,0
2026-05-11,1,29601.00,29721.75,120.75,84.47,88.50,29721.50,29668.75,-88.50,-89.37,-90.50,1
2026-05-19,1,29146.00,29253.00,107.00,85.85,89.25,29253.25,29331.75,78.50,77.63,76.50,0
2026-06-08,-1,29822.50,29714.25,-108.25,85.85,89.50,29713.75,29723.25,-9.50,-10.37,-11.50,0
2026-06-09,-1,30033.00,29945.50,-87.50,87.12,89.50,29945.25,29982.00,-36.75,-37.62,-38.75,0
2026-06-12,-1,29786.25,29628.50,-157.75,87.47,92.25,29628.75,29737.50,-92.25,-93.12,-94.25,1
2026-06-18,-1,30594.50,30485.25,-109.25,87.95,92.00,30486.25,30452.25,34.00,33.13,32.00,0
2026-06-24,1,29712.25,29809.50,97.25,88.68,92.25,29809.50,29727.75,-81.75,-82.62,-83.75,0
2026-06-25,-1,30152.75,30058.25,-94.50,89.20,93.00,30058.50,29996.50,62.00,61.13,60.00,0
2026-06-26,-1,29361.50,29231.75,-129.75,89.70,93.75,29232.00,29240.25,-93.75,-94.62,-95.75,1
2026-06-29,1,29644.25,29761.25,117.00,89.97,93.75,29761.00,29710.50,-93.75,-94.62,-95.75,1
2026-06-30,1,30046.75,30179.50,132.75,92.70,93.75,30179.00,30187.00,8.00,7.13,6.00,0
2026-07-01,-1,30234.50,30117.50,-117.00,94.35,94.50,30117.50,30114.50,3.00,2.13,1.00,0
2026-07-08,1,29201.75,29302.75,101.00,95.18,108.00,29303.25,29319.50,16.25,15.38,14.25,0
2026-07-14,-1,29811.00,29693.50,-117.50,95.70,116.00,29693.00,29770.00,-77.00,-77.87,-79.00,0
2026-07-31,1,28576.50,28682.25,105.75,96.43,132.00,28682.00,28561.75,-120.25,-121.12,-122.25,0
2026-08-04,1,29234.25,29382.50,148.25,97.18,132.50,29382.00,29392.75,10.75,9.88,8.75,0
2026-08-11,-1,29839.25,29736.50,-102.75,97.25,138.50,29736.75,29702.00,34.75,33.88,32.75,0
2026-08-12,-1,29991.75,29877.75,-114.00,98.38,134.25,29878.25,29890.00,-11.75,-12.62,-13.75,0
