hyp_id,version,source_project,source_commit_or_doc,mechanism,information_set,instrument_session,event_definition,direction,management_and_costs,parameters_and_neighbors,raw_events,effective_events,unique_days,first_binding_failure,additional_failures,disposition,fingerprint_class
OFH1,v1,OF-HYPOTHESES,docs/OFH_FINDINGS.md,delta-price divergence fade at swing extremes,1m bar-aggregate aggressor delta + price,MNQ RTH,new price extreme with opposing cumulative-delta divergence,fade,ATR stop / time exit / 0.87pt RT,divergence window + extreme lookback neighbors in ledger,see docs/OFH_FINDINGS.md,see docs/OFH_FINDINGS.md,see docs/OFH_FINDINGS.md,negative expectancy after costs,failed permutation control,DEAD_FROZEN,OF_DIVERGENCE_FADE
OFH2,v1,OF-HYPOTHESES,docs/OFH_FINDINGS.md,delta-confirmed range break continuation,1m delta + deltaConfirmsBreak flag + price break,MNQ RTH,price break of range with same-sign bar delta,continuation,ATR stop / time exit / 0.87pt RT,break lookback + confirm threshold neighbors,see docs/OFH_FINDINGS.md,see docs/OFH_FINDINGS.md,see docs/OFH_FINDINGS.md,negative expectancy after costs,no significant conditional lift,DEAD_FROZEN,OF_BREAK_CONFIRMATION
OFH3,v1,OF-HYPOTHESES,docs/OFH_FINDINGS.md,absorption reversal (large aggressive volume with no progress),1m absorption candidate flags + absorptionStrengthRaw,MNQ RTH,absorptionBuy/SellCandidate at local extreme,fade,ATR stop / time exit / 0.87pt RT,strength threshold neighbors,see docs/OFH_FINDINGS.md,see docs/OFH_FINDINGS.md,see docs/OFH_FINDINGS.md,negative expectancy after costs,bar-aggregate absorption proxy lacks depth evidence,DEAD_FROZEN,OF_ABSORPTION_REVERSAL
OFH4,v1,OF-HYPOTHESES,docs/OFH_FINDINGS.md,stacked-imbalance continuation,1m stacked bid/ask imbalance levels (2x/3x/4x),MNQ RTH,stackedBuy/SellLevels_3x >= threshold,continuation,ATR stop / time exit / 0.87pt RT,stack depth + multiplier neighbors,see docs/OFH_FINDINGS.md,see docs/OFH_FINDINGS.md,see docs/OFH_FINDINGS.md,negative expectancy after costs,,DEAD_FROZEN,OF_STACKED_IMBALANCE
OFH5,v1,OF-HYPOTHESES,docs/OFH_FINDINGS.md,imbalance-exhaustion fade,1m imbalance counts,MNQ RTH,extreme one-sided imbalanceCount then stall,fade,ATR stop / time exit / 0.87pt RT,count threshold neighbors,see docs/OFH_FINDINGS.md,see docs/OFH_FINDINGS.md,see docs/OFH_FINDINGS.md,negative expectancy after costs,,DEAD_FROZEN,OF_STACKED_IMBALANCE
OFH6,v2-destruction,OF-HYPOTHESES,docs/OFH6_DESTRUCTION.md,cumulative-delta trend continuation,1m ofCumDelta slope,MNQ RTH,cum-delta trend alignment with price trend,continuation,ATR stop / time exit / 0.87pt RT,slope window neighbors,see docs/OFH6_DESTRUCTION.md,see docs/OFH6_DESTRUCTION.md,see docs/OFH6_DESTRUCTION.md,nominal survivor destroyed: does not stand standalone under destruction battery,effect subsumed by OFH13 context,DEAD_FROZEN,OF_CUMDELTA_TREND
OFH7,v1,OFHT-TIMING,docs/OFHT_FINDINGS.md,effort-result continuation (large delta effort with matching result),1m delta magnitude vs bar range,MNQ RTH,high |delta| bar with confirming range,continuation,ATR stop / time exit / 0.87pt RT,effort threshold + result ratio neighbors,see docs/OFHT_FINDINGS.md,see docs/OFHT_FINDINGS.md,see docs/OFHT_FINDINGS.md,negative expectancy after costs,timing variants also failed (OFHT),DEAD_FROZEN,OF_EFFORT_RESULT
OFH8,v1,OFHT-TIMING,docs/OFHT_FINDINGS.md,value-area rejection,1m profile VAH/VAL/POC + delta,MNQ RTH,rejection at value-area edge with opposing delta,fade,ATR stop / time exit / 0.87pt RT,VA distance neighbors,see docs/OFHT_FINDINGS.md,see docs/OFHT_FINDINGS.md,see docs/OFHT_FINDINGS.md,never fired at usable frequency / negative,see docs/OFHT_FINDINGS.md,DEAD_FROZEN,OF_VALUE_PROFILE
OFH9,v1,OFHT-TIMING,docs/OFHT_FINDINGS.md,value reversion toward POC,1m profile POC distance,MNQ RTH,extension beyond value with fading delta,reversion,ATR stop / time exit / 0.87pt RT,distance threshold neighbors,see docs/OFHT_FINDINGS.md,see docs/OFHT_FINDINGS.md,see docs/OFHT_FINDINGS.md,negative expectancy after costs,,DEAD_FROZEN,OF_VALUE_PROFILE
OFH10,v1,OFHT-TIMING,docs/OFHT_FINDINGS.md,acceptance rotation (price accepted in new value),1m profile interaction + insideValueArea,MNQ RTH,acceptance inside new value area,continuation,ATR stop / time exit / 0.87pt RT,acceptance dwell neighbors,see docs/OFHT_FINDINGS.md,see docs/OFHT_FINDINGS.md,see docs/OFHT_FINDINGS.md,negative expectancy after costs,,DEAD_FROZEN,OF_VALUE_PROFILE
OFH11,v1,OF-HYPOTHESES,docs/OFH_FINDINGS.md,delta-climax fade,1m ofMinDelta/ofMaxDelta extremes,MNQ RTH,delta climax at price extreme,fade,ATR stop / time exit / 0.87pt RT,climax percentile neighbors,see docs/OFH_FINDINGS.md,see docs/OFH_FINDINGS.md,see docs/OFH_FINDINGS.md,negative expectancy after costs,,DEAD_FROZEN,OF_DIVERGENCE_FADE
OFH12,v1,OF-HYPOTHESES,docs/OFH_FINDINGS.md,repeat-extreme fade (repeated trades at extreme),1m repeatedTradeAtExtreme flag,MNQ RTH,repeated aggressive prints at extreme without progress,fade,ATR stop / time exit / 0.87pt RT,repeat count neighbors,see docs/OFH_FINDINGS.md,see docs/OFH_FINDINGS.md,see docs/OFH_FINDINGS.md,negative expectancy after costs,,DEAD_FROZEN,OF_DIVERGENCE_FADE
OFH13,v1-prospective,OFFVG,docs/OFFVG_FINDINGS.md + docs/PROSPECTIVE_REGISTRY.md,FVG mitigation entry gated by order-flow failure of the counter-move,1m FVG zones + delta failure flags,MNQ RTH (>=30m after open >=90m to close),FVG retest with flow-failure confirmation,continuation with structure,ATR1.5 stop / no target / 60m timeout / 0.87pt RT,frozen; neighbors in OFFVG ledger,133,133,see docs/OFFVG_FINDINGS.md,none (q=0.061 exploratory pass; prospective arm frozen),derivative mining prohibited while prospective runs,PASSED_HISTORICAL_EXPLORATORY,FVG_FLOW_MITIGATION
OFH14,v1-prospective,OFFVG,docs/OFFVG_FINDINGS.md + docs/PROSPECTIVE_REGISTRY.md,FVG mitigation variant with alternate flow-failure gate,1m FVG zones + delta failure flags,MNQ RTH,FVG retest variant,continuation with structure,frozen management / 0.87pt RT,frozen; neighbors in OFFVG ledger,see docs/OFFVG_FINDINGS.md,see docs/OFFVG_FINDINGS.md,see docs/OFFVG_FINDINGS.md,none (q=0.061 exploratory pass; prospective arm frozen),derivative mining prohibited while prospective runs,PASSED_HISTORICAL_EXPLORATORY,FVG_FLOW_MITIGATION
FVG-UNCOND,v1,OFFVG,docs/OFFVG_FINDINGS.md,unconditional FVG mitigation (no flow gate),1m FVG zones price-only,MNQ RTH,any FVG retest,continuation,same frozen management / 0.87pt RT,none,see docs/OFFVG_FINDINGS.md,see docs/OFFVG_FINDINGS.md,see docs/OFFVG_FINDINGS.md,negative expectancy (-4.25/trade),,DEAD_FROZEN,PATTERN_GEOMETRY
OFN1-N12,v1,OF-NEW,docs/OFN_FINDINGS.md,twelve secondary order-flow constructions (sweep delta-flip N8; vol-per-tick exhaustion N9; others),1m bar-aggregate flow fields,MNQ RTH,per-hypothesis triggers in doc,mixed,ATR stop / time exit / 0.87pt RT,per-hypothesis neighbors in doc,see docs/OFN_FINDINGS.md,see docs/OFN_FINDINGS.md,see docs/OFN_FINDINGS.md,all failed or inconclusive (N3/N6 inconclusive-insufficient),N8/N9 explicitly negative,DEAD_FROZEN,OF_EFFORT_RESULT
OF-SUBMIN,v1,OF-SUB,docs/OFSUB_FINDINGS.md,sub-minute execution refinement of OF entries,30s OHLCV (morning window) + 1m flow,MNQ RTH morning,parent OF entries re-timed at 30s,per-parent,frozen management / 0.87pt RT,delay/offset neighbors,see docs/OFSUB_FINDINGS.md,see docs/OFSUB_FINDINGS.md,see docs/OFSUB_FINDINGS.md,no material improvement; parent edges absent,,DEAD_FROZEN,EXECUTION_REFINEMENT
OF-GRADING,v1,OF-GRADING,docs/OF_GRADING_FINDINGS.md,trade-quality grading of OF entries by flow context,1m flow context features,MNQ RTH,grade filters on existing entries,filter,frozen management / 0.87pt RT,grade threshold neighbors,see docs/OF_GRADING_FINDINGS.md,see docs/OF_GRADING_FINDINGS.md,see docs/OF_GRADING_FINDINGS.md,no stable grade separation,,DEAD_FROZEN,OF_CONTEXT_FILTER
OF-TARGETS,v1,OF-TARGETS,docs/OF_TARGETS_FINDINGS.md,flow/structure-derived profit targets,1m flow + structure levels,MNQ RTH,target selection per entry,management,frozen entries / 0.87pt RT,target family neighbors,see docs/OF_TARGETS_FINDINGS.md,see docs/OF_TARGETS_FINDINGS.md,see docs/OF_TARGETS_FINDINGS.md,no target family beat frozen baseline,,DEAD_FROZEN,MANAGEMENT_VARIANT
XMARKET-H1-H8,v1,XMARKET-V1,docs/XMARKET_V1_FINDINGS.md,eight ES->NQ / NQ->ES 1m cross-market price mechanisms (confirmed breakout; refusal; catch-up both directions; relative strength; acceptance agreement),synchronized ES+NQ 1m OHLCV (42 ES days),MNQ RTH,per-hypothesis triggers in doc,mixed,frozen management / 0.87pt RT,per-hypothesis neighbors,see docs/XMARKET_V1_FINDINGS.md,see docs/XMARKET_V1_FINDINGS.md,42 ES days max,0/8 - no material incremental ES information at 1m (H8 VOID spec error),ES span 42 days limits power; span itself INSUFFICIENT,DEAD_FROZEN,CROSS_MARKET_PRICE_LEADLAG_1M
OFH13-MEMORY,v1,OFH13-MEMORY-V1,commit 234f763,MEMORY state interaction with OFH13 outcomes,MEMORY-PRED state + RVMR state at entry,MNQ RTH,OFH13 entries partitioned by memory alignment,filter,frozen OFH13 management,none (counts-only feasibility),133 parents,ALIGNED n=10,see docs/OFH13_MEMORY_V1_FEASIBILITY.md,ALIGNED n=10 < frozen floor 20,window contamination documented,INSUFFICIENT_DATA,OF_CONTEXT_FILTER
OFH13-POSTENTRY-F1-F6,v1,OFH13-POSTENTRY-V1,commit 70a0efc,post-entry state at T5/T15 predicting right-tail development,frozen OFH13 trades + 1m path features,MNQ RTH,six feature families at T5/T15 checkpoints,diagnostic,no management rule ever authorized,frozen families F1-F6,see docs/OFH13_POSTENTRY_V1_FINDINGS.md,see docs/OFH13_POSTENTRY_V1_FINDINGS.md,see docs/OFH13_POSTENTRY_V1_FINDINGS.md,0/22 - no residual information beyond early MFE/MAE (5% retention),,DEAD_FROZEN,POSTENTRY_STATE
MEMIFVG-A1-A8,v1,MEMORY-MATH-IFVG-V1,commit c705f8b,eight mathematical memory/anchor anomaly cells,1m price memory/anchor features,MNQ full session,per-cell definitions in prereg 313127d2,mixed,cost 0.87pt RT where translated,frozen cells,see docs/MEMORY_MATH_IFVG_V1_FINDINGS.md,see docs/MEMORY_MATH_IFVG_V1_FINDINGS.md,2218,0/8 significant-and-material (A4 real but sub-material; A2/A5/A8 significant wrong-direction),D5 scoring defect corrected and disclosed,DEAD_FROZEN,SESSION_ANCHOR_DISPLACEMENT
MEMIFVG-B1-B6,v1,MEMORY-MATH-IFVG-V1,commit c705f8b,six inverted-FVG mechanism cells,1m FVG inversion events,MNQ full session,FVG inversion per prereg,mixed,cost 0.87pt RT where translated,frozen cells,see docs/MEMORY_MATH_IFVG_V1_FINDINGS.md,see docs/MEMORY_MATH_IFVG_V1_FINDINGS.md,see docs/MEMORY_MATH_IFVG_V1_FINDINGS.md,0/6 (B2 gap-inversion significant OPPOSITE),,DEAD_FROZEN,PATTERN_GEOMETRY
MEMIFVG-S1-S4,v1,MEMORY-MATH-IFVG-V1,commit c705f8b,four strategy translations of lane A/B cells,1m features,MNQ full session,per prereg,mixed,frozen management / 0.87pt RT,frozen,see docs/MEMORY_MATH_IFVG_V1_FINDINGS.md,see docs/MEMORY_MATH_IFVG_V1_FINDINGS.md,see docs/MEMORY_MATH_IFVG_V1_FINDINGS.md,0/4 after costs,,DEAD_FROZEN,SESSION_ANCHOR_DISPLACEMENT
LPCC,v1,LPCC-V1,commit be1fff6,late-premarket conditional continuation from VR30=1.32 cell,1m price (S4 late premarket),MNQ premarket->open,late-PM move continuation into open,continuation,frozen stop/exit per LPCC_V1_CONFIG / stressed 1.740,frozen single cell,see analysis/lpcc/LPCC_V1_RESULTS.md,see analysis/lpcc/LPCC_V1_RESULTS.md,see analysis/lpcc/LPCC_V1_RESULTS.md,permutation p=0.5160 (familywise 0.0166667); gross negative,regime gate inert,DEAD_FROZEN,PRICE_CONTINUATION_INTRADAY
CCHC,v1,CCHC-V1,commit 963009d,closing-half-hour conditional continuation (S9 VR30=1.27 cell),1m price (close window),MNQ RTH close,afternoon-trend continuation into close,continuation,frozen stop/exit per CCHC_V1_CONFIG / stressed 1.305,frozen single cell,98,98,98,n=98 < 100 floor; permutation p=0.0243 > 0.0166667,2020+2022 = 100.9% of net; matched control = 71% of primary,DEAD_FROZEN,PRICE_CONTINUATION_INTRADAY
ODMC,v1,ODMC-V1,commit 9fec078,opening-drive momentum continuation (S5 VR10=1.08 cell),1m price (first 10 min),MNQ RTH open,5m impulse -> 5m continuation,continuation,frozen per ODMC_V1_CONFIG / stress 2.00,frozen single cell,see analysis/odmc/ODMC_V1_RESULTS.md,see analysis/odmc/ODMC_V1_RESULTS.md,see analysis/odmc/ODMC_V1_RESULTS.md,gross PF 1.272 < 1.30; permutation p=0.5891,D10 volatility residualization ~0; D4 sign-destruction p=0.127,DEAD_FROZEN,PRICE_CONTINUATION_INTRADAY
THREE-ARM-FAMILY,v1,LPCC+CCHC+ODMC,commit 9fec078,VR-cell super-diffusion harvested as conditional drift,1m price,MNQ three windows,three arms above,continuation,frozen,familywise 0.05/3,3 arms,3 arms,-,0/3 arms; family CLOSED,VR super-diffusion = path roughness not harvestable drift,DEAD_FROZEN,PRICE_CONTINUATION_INTRADAY
MGSD-F01-F19,v1.0.1,MGSD-V1,commit bb6986b,nineteen economically distinct price-only families (momentum reversion gap breakout transition etc.) x 244 strategy variants,1m OHLCV full session 7.1y,MNQ all 9 strata,per MGSD_V1_PROTOCOL_FREEZE.md,mixed,race engine / base 0.87 stressed 1.305/1.740,244 variants over 458 formal tests,244 variants,see analysis/mgsd/MGSD_V1_DEV_RESULTS.md,2218,0/244 full-gate (212 first-fail G04 quality; 32 G01),fading-strength significantly harmful; F09 gap-fade near-miss,DEAD_FROZEN,PRICE_ONLY_FAMILY_SEARCH
MGSD-ANOM-SCREEN,v1,MGSD-V1,commit bb6986b,162 anomaly screen cells,1m OHLCV,MNQ all strata,per protocol,descriptive,n/a,162 cells,162,-,2218,2 BH-significant but immaterial,,DESCRIPTIVE_ONLY_SPENT,PRICE_ONLY_MAP
MGSD-PM-OPEN,v1,MGSD-V1,commit bb6986b,premarket->open influence study (32 tests price-only),1m OHLCV,MNQ premarket+open,per protocol,descriptive,n/a,32 tests,32,-,2218,0 at BH q<=0.05 (clean null with leak-control validation),,DESCRIPTIVE_ONLY_SPENT,PRICE_ONLY_MAP
MGSD-30S-ARM,v1,MGSD-V1,commit bb6986b,genuine 30s morning-window arm (20 variants),30s OHLCV 192 days morning window,MNQ RTH morning,per protocol,mixed,race engine / frozen costs,20 variants,20,best n=28,192,best cell n=28 fails floors,coverage window 09:30-11:00 only,DEAD_FROZEN,PRICE_ONLY_FAMILY_SEARCH
MGSD-SESSION-TRANS,v1,MGSD-V1,commit bb6986b,session-transition price-only tests,1m OHLCV,MNQ transitions,per protocol,mixed,frozen,see analysis/mgsd/MGSD_V1_SESSION_TRANSITION_RESULTS.md,-,-,2218,no candidate,,DEAD_FROZEN,PRICE_ONLY_FAMILY_SEARCH
WAVE4-VR-CELLS,v1,WAVE-4,commit eac54fe,variance-ratio super-diffusion map by stratum,1m OHLCV,MNQ all strata,per-day non-overlapping q-sums,descriptive,n/a,q in {10;30} per stratum,3 BH survivors,-,2218,descriptive map; strategy translations failed in three arms,,DESCRIPTIVE_ONLY_SPENT,PRICE_ONLY_MAP
WAVE4-ANCHOR-FIELD,v1,WAVE-4,commit eac54fe,anchor-displacement field,1m OHLCV,MNQ full session,anchor displacement quantiles,descriptive,n/a,frozen,-,-,2218,per-year sign flips - regime descriptor only,,DESCRIPTIVE_ONLY_SPENT,SESSION_ANCHOR_DISPLACEMENT
RVMR-BATTERY,v1,RVMR-V1,docs/RVMR_V1_SPEC.md + findings,15-test relative-value mean-reversion regime battery,1m OHLCV,MNQ full session,regime state definitions,descriptive,n/a,frozen battery,15 tests,-,2218,descriptive regime map; no strategy claim,,DESCRIPTIVE_ONLY_SPENT,PRICE_ONLY_MAP
RVMR-STRAT,v1,RVMR-STRAT-V1,docs/RVMR_STRAT_V1_FINDINGS.md,RVMR regime-conditioned strategies,1m OHLCV + RVMR state,MNQ RTH,per prereg,mixed,frozen / 0.87pt RT,per prereg,see docs/RVMR_STRAT_V1_FINDINGS.md,-,-,failed gates,,DEAD_FROZEN,PRICE_MEANREV_INTRADAY
RVMR-MOMENTUM,v1,RVMR-MOMENTUM-V1,docs/RVMR_MOMENTUM_V1_FINDINGS.md,RVMR momentum-side strategies,1m OHLCV + RVMR state,MNQ RTH,per prereg,continuation,frozen / 0.87pt RT,per prereg,see docs/RVMR_MOMENTUM_V1_FINDINGS.md,-,-,failed gates,,DEAD_FROZEN,PRICE_CONTINUATION_INTRADAY
RVMR-BANDS,v1,RVMR-BANDS-V1,docs/RVMR_BANDS_V1_FINDINGS.md,RVMR band strategies,1m OHLCV,MNQ RTH,per prereg,reversion,frozen / 0.87pt RT,per prereg,see docs/RVMR_BANDS_V1_FINDINGS.md,-,-,failed gates,,DEAD_FROZEN,PRICE_MEANREV_INTRADAY
RVMR-AVOID,v1,RVMR-AVOID-V1,docs/RVMR_AVOID_V1_FINDINGS.md,RVMR avoid-state filters,1m OHLCV,MNQ RTH,per prereg,filter,frozen,per prereg,see docs/RVMR_AVOID_V1_FINDINGS.md,-,-,no material filter value,,DEAD_FROZEN,OF_CONTEXT_FILTER
RVMR-VALIDATION,v1,RVMR-VALIDATION-V1,docs/RVMR_VALIDATION_V1_FINDINGS.md,RVMR state validation battery,1m OHLCV,MNQ full session,per prereg,descriptive,n/a,per prereg,see docs/RVMR_VALIDATION_V1_FINDINGS.md,-,-,descriptive only,,DESCRIPTIVE_ONLY_SPENT,PRICE_ONLY_MAP
MEMORY-PRED-HIST,v1,MEMORY-PRED-V1,docs/MEMORY_PRED_V1_FINDINGS.md,price-memory prediction historical arm,1m OHLCV memory features,MNQ full session,per prereg,mixed,frozen,per prereg,see docs/MEMORY_PRED_V1_FINDINGS.md,-,2218,no deployable historical edge (memory ~1/4 anchor),,DEAD_FROZEN,SESSION_ANCHOR_DISPLACEMENT
MEMORY-PRED-PROSP,v1,MEMORY-PRED-V1,docs/PROSPECTIVE_REGISTRY.md,memory prospective Lane A (start 2026-08-26),future 1m data,MNQ,frozen,-,frozen,frozen,0 so far,0,0,not yet scoreable (future data),,RESERVED_UNTOUCHED,SESSION_ANCHOR_DISPLACEMENT
V5-BATTERY,v1,V5,docs/V5_FINDINGS.md,P1 calendar/clock P2 path/exit-geometry P3 order-flow-primary conjunction search,1m OHLCV + 1m flow capture,MNQ RTH,per V5 prereg,mixed,frozen / 0.87pt RT,per V5 ledger,see docs/V5_FINDINGS.md,-,-,FINAL DECISION D - no robust edge survived,,DEAD_FROZEN,PRICE_ONLY_FAMILY_SEARCH
V4-LINEAGE,v4/v4.1/v4.2/v4.2B,V4-V42B,docs/V41_FINDINGS.md + V42/V42B findings,vector/structure geometric entries (break pullback attack-failure),1m OHLCV + structure capture,MNQ RTH,per prereg per version,mixed,race stops / 0.87pt RT,per version ledgers,see docs/V41_FINDINGS.md,-,-,no confirmed edge on full capture,V42 n=27 insufficient; V42B failed internal replication,DEAD_FROZEN,PATTERN_GEOMETRY
VECH1,v1,VEC-H1,docs/VECH1_FINDINGS.md,vector-event continuation hypothesis,1m structure capture,MNQ RTH,per prereg,continuation,frozen / 0.87pt RT,frozen,see docs/VECH1_FINDINGS.md,-,-,failed confirmatory verdict,,DEAD_FROZEN,PATTERN_GEOMETRY
GEN10,v1+OOS,GEN10,docs/GEN10_FINDINGS.md + GEN10_OOS,ten generic entry generators,1m OHLCV,MNQ RTH,per doc,mixed,frozen / 0.87pt RT,10 generators,see docs/GEN10_FINDINGS.md,-,-,no generator survived OOS,,DEAD_FROZEN,PRICE_ONLY_FAMILY_SEARCH
RED,v1,RED,docs/RED_FINDINGS.md,reduced-level reaction hypotheses,1m OHLCV + levels,MNQ RTH,level tests per prereg,mixed,frozen,per prereg,see docs/RED_FINDINGS.md,-,-,failed internal replication (favourable-first 43.8%->29.2%),,DEAD_FROZEN,PATTERN_GEOMETRY
MRV,v1,MRV,docs/MRV_FINDINGS.md,mean-reversion-after-failed-continuation,1m OHLCV,MNQ RTH,failed continuation events,fade,frozen,per prereg,see docs/MRV_FINDINGS.md,-,-,inverted: failed-continuation evidence made fades worse,,DEAD_FROZEN,PRICE_MEANREV_INTRADAY
MAG,v1,MAG,docs/MAG_FINDINGS.md + MAGNITUDE,magnitude/volatility regime feature,1m OHLCV,MNQ RTH,magnitude states,descriptive,n/a,per prereg,see docs/MAG_FINDINGS.md,-,-,regime feature only; no directional strategy,explains exit-experiment failures,DESCRIPTIVE_ONLY_SPENT,PRICE_ONLY_MAP
BRK,v1,BRK,docs/BRK_FINDINGS.md,breakout cells,1m OHLCV,MNQ RTH,three breakout cells,continuation,frozen,3 cells,3 cells,-,-,all three cells failed,,DEAD_FROZEN,PRICE_CONTINUATION_INTRADAY
PROOF,v1,PROOF,docs/PROOF_FINDINGS.md,bar-level order-flow edge existence proof battery,1m flow capture,MNQ RTH,battery per prereg,mixed,frozen,per prereg,see docs/PROOF_FINDINGS.md,-,-,no robust order-flow edge in bar-level data,,DEAD_FROZEN,OF_EFFORT_RESULT
NQDIR,v1,NQ-DIRECTION-V1,docs/NQ_DIRECTION_V1_FINDINGS.md,daily/weekly direction forecast battery,1m+daily OHLCV,MNQ,per prereg,directional forecast,n/a,per prereg,see docs/NQ_DIRECTION_V1_FINDINGS.md,-,-,failed final verdict,,DEAD_FROZEN,PRICE_ONLY_MAP
DVT,v1,4H-DVT-V1,docs/4H_DVT_V1_FINDINGS.md,4-hour directional volatility timing,4h aggregates of 1m,MNQ,per prereg,mixed,frozen,per prereg,see docs/4H_DVT_V1_FINDINGS.md,-,-,failed final verdict,,DEAD_FROZEN,CALENDAR_TOD
TRH1-RR,v1,TR-H1,docs/TRH1_RR_FINDINGS.md,class-D management R:R pass,1m OHLCV,MNQ RTH,management variants,management,frozen entries,per doc,see docs/TRH1_RR_FINDINGS.md,-,-,no management improvement,,DEAD_FROZEN,MANAGEMENT_VARIANT
STOP-FAMILY,v1,STOP-FAMILY,docs/STOP_FAMILY_FINDINGS.md,stop-family comparison,1m OHLCV,MNQ RTH,stop variants,management,frozen entries,per doc,see docs/STOP_FAMILY_FINDINGS.md,-,-,no stop family rescued expectancy,,DEAD_FROZEN,MANAGEMENT_VARIANT
PROFIT-TAKING,v1,PROFIT-TAKING,docs/PROFIT_TAKING_FINDINGS.md,profit-taking rules,1m OHLCV,MNQ RTH,exit variants,management,frozen entries,per doc,see docs/PROFIT_TAKING_FINDINGS.md,-,-,no exit rule rescued expectancy,,DEAD_FROZEN,MANAGEMENT_VARIANT
ANOMALY-SCAN-V1,v1,ANOMALY-SCAN,docs/ANOMALY_SCAN_V1_FINDINGS.md,broad anomaly scan,1m OHLCV,MNQ,per protocol,descriptive,n/a,per protocol,see docs/ANOMALY_SCAN_V1_FINDINGS.md,-,-,reversion clock slower than frames tested,,DESCRIPTIVE_ONLY_SPENT,PRICE_ONLY_MAP
ANOMALY-CONFIRM-V1,v1,ANOMALY-CONFIRM,docs/ANOMALY_CONFIRM_V1_FINDINGS.md,shock-continuation confirmation,1m OHLCV,MNQ,shock events,continuation,frozen,per prereg,see docs/ANOMALY_CONFIRM_V1_FINDINGS.md,-,-,failed holdout (11/15),,DEAD_FROZEN,PRICE_CONTINUATION_INTRADAY
ANOMALY-CONFIRM-V2,v1,ANOMALY-CONFIRM,docs/ANOMALY_CONFIRM_V2_FINDINGS.md,ordinal V-turn + half-session-low,1m OHLCV,MNQ,per prereg,mixed,frozen,per prereg,see docs/ANOMALY_CONFIRM_V2_FINDINGS.md,-,-,H2 failed (8/14); H1 partial 13/14 never translated to passing strategy,,DEAD_FROZEN,PRICE_ONLY_MAP
HIGH-ARRIVAL,v1,HIGH-ARRIVAL-UTILITY-V1,docs/HIGH_ARRIVAL_UTILITY_V1_FINDINGS.md,state-arrival law utility,1m OHLCV states,MNQ,per prereg,forecast,n/a,per prereg,see docs/HIGH_ARRIVAL_UTILITY_V1_FINDINGS.md,-,-,HA6 binding gate failed - real but forecast-redundant,,DEAD_FROZEN,PRICE_ONLY_MAP
NSERIES,v1,NSERIES,docs/NSERIES_FINDINGS.md,N-series randomness comparison battery,1m OHLCV,MNQ,per doc,descriptive,n/a,per doc,see docs/NSERIES_FINDINGS.md,-,-,real data failed vs randomness-produced benchmark,,DESCRIPTIVE_ONLY_SPENT,PRICE_ONLY_MAP
PATTERN-SCAN,v1,PATTERN-SCAN,docs/PATTERN_SCAN_FINDINGS.md,bar-pattern scan,1m OHLCV,MNQ,pattern events,mixed,n/a,per doc,see docs/PATTERN_SCAN_FINDINGS.md,-,-,no robust pattern,,DEAD_FROZEN,PATTERN_GEOMETRY
OOS-AUG,v1,OOS-AUG,docs/OOS_AUG_FINDINGS.md,August OOS check of earlier candidates,1m OHLCV,MNQ,frozen candidates,mixed,frozen,frozen,see docs/OOS_AUG_FINDINGS.md,-,-,candidates did not confirm,,DEAD_FROZEN,PRICE_ONLY_FAMILY_SEARCH
OFH13-V2,v2,OFH13-V2,docs/OFH13_V2_FINDINGS.md,OFH13 variant refinements,1m flow + FVG,MNQ RTH,variant triggers,continuation,frozen,per doc,see docs/OFH13_V2_FINDINGS.md,-,-,variants failed; only frozen v1 stands,,DEAD_FROZEN,FVG_FLOW_MITIGATION
S30A-OBS,v1,MGSD-V1,commit bb6986b,30s morning observation S30A_n10_t1.0_s20_e30,30s OHLCV morning window,MNQ RTH morning,frozen cell,continuation,frozen,frozen cell,28,28,28,n=28 fails all floors,,INSUFFICIENT_DATA,PRICE_ONLY_FAMILY_SEARCH
HARU,v1,HARU,analysis/haru + scratchpad HARU_REPRO.txt,high-arrival regime utility reproduction,1m OHLCV,MNQ,per repro,descriptive,n/a,per repro,see analysis/haru,-,-,descriptive reproduction only,,DESCRIPTIVE_ONLY_SPENT,PRICE_ONLY_MAP
VALIDATION-PARTITION,-,programme,frozen partitions,future validation data 2026-09-01..2027-02-28,-,-,-,-,-,-,0,0,0,never opened,,RESERVED_UNTOUCHED,-
OOS-PARTITION,-,programme,frozen partitions,future OOS 2027-03-01..2027-08-31,-,-,-,-,-,-,0,0,0,never opened,,RESERVED_UNTOUCHED,-
LOCKBOX-PARTITION,-,programme,frozen partitions,final lockbox 2027-09-01+,-,-,-,-,-,-,0,0,0,never opened,,RESERVED_UNTOUCHED,-
BUFFER-2026-08-18-31,-,programme,frozen partitions,unused buffer,-,-,-,-,-,-,0,0,0,prohibited as research data,,RESERVED_UNTOUCHED,-
MOFAD-C-F12-1,v1,MOFAD-V1,freeze 643343f,overnight aggressor-flow inventory continuation at RTH open,1m full-session flow capture,MNQ open T30,sign of overnight delta ratio,continuation,ATR1.5(1m) stop / T30 open exit / 0.87-1.305pt,frozen; neighbors need250/need350,256,256,256,G05 negative even gross (-1.32),G06-G12 G16 profiles; perm p 0.658,DEAD_FROZEN,INVENTORY_TRANSITION_FLOW
MOFAD-C-F12-1b,v1,MOFAD-V1,freeze 643343f,same signal at T60,1m full-session flow capture,MNQ open T60,sign of overnight delta ratio,continuation,ATR1.5(1m) stop / T60 open exit / 0.87-1.305pt,frozen,256,256,256,G05 negative even gross (-2.87),perm p 0.787,DEAD_FROZEN,INVENTORY_TRANSITION_FLOW
MOFAD-C-F12-2,v1,MOFAD-V1,freeze 643343f,late-premarket aggressor-flow continuation at RTH open,1m flow capture 08:00-09:29,MNQ open T30,sign of preopen delta ratio,continuation,ATR1.5(1m) stop / T30 open exit / 0.87-1.305pt,frozen; neighbors need50/need70,256,256,256,G05 negative even gross (-0.04),retention negative vs price twin; perm p 0.511,DEAD_FROZEN,INVENTORY_TRANSITION_FLOW
MOFAD-C-F08-1,v1,MOFAD-V1,freeze 643343f,side-split rolling price-impact asymmetry drift T15,1m flow capture RTH trailing 60 bars,MNQ RTH T15,|A|>=causal Q75 direction sign(A),drift toward low-impact side,ATR1.5(1m) stop / T15 open exit / 0.87-1.305pt,frozen; neighbors Q70/Q80,2061,2061,253,G05 negative even gross (-0.92); stressed CI fully below 0,monotonically harmful by |A| tercile,DEAD_FROZEN,IMPACT_ASYMMETRY
MOFAD-C-F08-2,v1,MOFAD-V1,freeze 643343f,same state at T30,1m flow capture RTH trailing 60 bars,MNQ RTH T30,|A|>=causal Q75 direction sign(A),drift toward low-impact side,ATR1.5(1m) stop / T30 open exit / 0.87-1.305pt,frozen; neighbors Q70/Q80,1246,1246,252,G05 negative even gross (-2.09); stressed CI fully below 0,wrong-signed (opposite-tail p~0.055 - not claimed),DEAD_FROZEN,IMPACT_ASYMMETRY
VTBS-C1-C4,v1,VTBS-V1,freeze 8dfc2de,day-scale open-anchored volatility-timed bidirectional bracket (monetize magnitude forecast without direction),7.1y 1m OHLCV + causal overnight-range forecast,MNQ RTH daily,first touch of +/-k*base bands from RTH open on HIGH-forecast days,none (market picks side),opposite-band stop / 13:00 or 15:55 exit / 0.87-1.305pt,k in {0.15;0.30} x 2 exits; neighbors k+/-20% Q70/Q80,468 per cell,468,468,G13 unconditional beats HIGH state (forecast adds nothing); C1/C2 also G06-G12; C3/C4 G05,positive residue is long-drift beta (long +11.5 vs short -3.4); BRK-H1 minute-scale relative disclosed pre-freeze,DEAD_FROZEN,BIDIRECTIONAL_RANGE_HARVEST_DAILY
MTF-B1-VTURN-SCALE,v1,MTF-V1,freeze 70ba8de,ordinal V-turn contrast extended to 5/15/30/60m bars (1m parent holdout-confirmed sub-cost),7.1y 1m grid aggregated to T-bars,MNQ all sessions,3 contiguous distinct T-bar closes ordinal motif; ta=lls*next-bar return,last-leg continuation contrast,anomaly cells (no trade translated),T in {5;15;30;60},462k/152k/72k/33k events,per cell,~2200,all four cells p 0.33-0.78 BH q 0.843 - effect is 1m-scale microstructure only,best cell +0.27pt < 0.87 cost and insignificant,DEAD_FROZEN,ORDINAL_PATH_SHAPE
MTF-B2-VWAP-OU,v1,MTF-V1,freeze 70ba8de,VWAP reversion at the measured 106-min OU clock (fade causal q90 extension; 212m exit),7.1y 1m grid + session VWAP,MNQ RTH 631-900,|z|>=trailing-20d q90; fade toward VWAP; stop 2x; exit VWAP/212m/EOD,reversion,next-bar-open entry / 0.87-1.305pt,neighbors q85/q95 exit106/exit318 all negative,1246,1246,818,stressed -3.65pt/trade PF 0.89 negative 7/8 years perm p 0.843,only 28% touch VWAP in 212m; 44% still open at EOD - OU half-life is state-dependent and breaks at extremes,DEAD_FROZEN,PRICE_MEANREV_INTRADAY
MTF-A-MAP,v1,MTF-V1,freeze 70ba8de,multi-scale descriptive map: ACF 5m-240m; daily momentum spectrum k=1-20; cross-scale alignment,7.1y 1m grid aggregates,MNQ,17 frozen cells,descriptive,n/a,frozen,17 cells,-,~2200,0/17 BH q<=0.05 (15m lag1 AC +0.0128 raw-significant only),NQ martingale-flat at every mapped scale,DESCRIPTIVE_ONLY_SPENT,PRICE_ONLY_MAP
NVQ-VOLCLOCK,v1,NVQ-V1,freeze 7c4cad4,volume-clock (event-time) sampling structure: AC and VR on causal volume bars,7.1y 1m grid resampled by trailing-volume targets,MNQ RTH,K in {78;26} volume buckets; AC1/AC2/VR6,descriptive,n/a,frozen,6 cells,-,~1750,0/6 - event-time reveals no structure clock time hid,first and only event-time use,DESCRIPTIVE_ONLY_SPENT,VOLUME_CLOCK_STRUCTURE
NVQ-DAYTYPE-DEAD,v1,NVQ-V1,freeze 7c4cad4,day-type taxonomy direction cells (NR7/WR7/inside/outside/trend-up/inside-NR7/streak3up/streak4plus/trend-dn),daily RTH OHLC from 1m grid,MNQ daily,causal day classification -> next-day c2c,mixed,n/a (anomaly cells),frozen,9 cells,-,~1750,8 null; TREND_DN q 0.067 near-miss agrees with survivor,up-streaks continue (no reversal),DEAD_FROZEN,DAY_TYPE_TAXONOMY
NVQ-STREAK3DN,v1-prospective,NVQ-V1,freeze 7c4cad4 + NVQ_V1_PROSPECTIVE_FREEZE.md,next-day reversal after exactly 3 consecutive down RTH closes,daily RTH closes from 1m grid,MNQ daily c2c,c[t]<c[t-1]<c[t-2]<c[t-3] and c[t-3]>=c[t-4],long reversal,c2c hold / 0.87-1.740pt; translation open->close 0.87-1.305,frozen; no variants permitted while prospective,84,84,84,none binding at anomaly level (BH q 0.0035; 8/8 years positive; both legs significant),n=84 < 200 floor - cannot be full-gate candidate on this sample; prospective freeze scores VALIDATION 2026-09-01+,PASSED_HISTORICAL_EXPLORATORY,DAY_TYPE_TAXONOMY
RMA-MOMENT-CELLS,v1,RMA-V1,freeze 7407f12 + TC1 17aa5c7,variance-composition reversion: downside semivariance share (RSV) and realized skew (SKW) deciles -> fade the side that carried the variance over next 60m,trailing-180m RTH 1m returns; causal 250d decile pools,MNQ RTH 631-871 stamps,"RSV>=q90 L / RSV<=q10 S / SKW<=q10 L / SKW>=q90 S; next-1m-open entry; 3xATR20 stop; 60m exit; 60m non-overlap",both,0.87-1.305pt; stop-first race; gap-through worse,neighbors q85/q95 + delay+1 + exits 45/90m all frozen,10736 evaluations,2502 trades,1831,all 4 cells fail: stressed -3.09/-2.02/+0.55/-3.93 perm p .82/.64/.17/.88 BH q>=0.68; 3 of 4 negative gross,C3 (fade down-jumps) only positive cell but insignificant and 2022-dominated (+10.11 of +0.55; 2026 -9.07); MC not run per protocol (no passer),DEAD_FROZEN,REALIZED_MOMENT_ASYMMETRY
RMA-EXTREME-MAP,v1,RMA-V1,freeze 7407f12,session extreme-time map: distribution of high/low placement by RTH hour split by overnight gap sign,daily RTH 1m grid,MNQ RTH,descriptive proportions of extreme timing,descriptive,n/a,frozen,1831 days,-,1831,"P(low first hour) 0.450 / P(high first hour) 0.371 vs ~0.17 uniform; last hour 0.19/0.29; gap-up low-first 0.442, gap-down high-first 0.358",time-of-day conditioning is spent (CALENDAR_TOD); map ledgered - no directional cell derivable retroactively,DESCRIPTIVE_ONLY_SPENT,PRICE_ONLY_MAP
MTNAD-DHR-INTRADAY,v1,MTNAD-V1,freeze 7deabd8,extreme-refresh age asymmetry (renewal clocks) -> continuation toward the fresh extreme over next 60m; session/rolling-240m/volume-clock scales,ages of extreme-refresh events from 1m grid (wall-time and volume-time),MNQ RTH 631-871 stamps,AR=(Alo-Ahi)/(Alo+Ahi) causal decile tails; next-1m-open entry; 3xATR20 stop; 60m exit,both,0.87-1.305pt; stop-first race; gap-through worse,neighbors q85/q95+q15/q05 delay+1 exits 45/90m all frozen,48762 evaluations,7229 trades,~1800,all 6 cells negative after stressed costs (-0.12 to -1.58) perm p 0.26-0.56 BH q~0.55; 3 negative at base,volume clock adds nothing over wall clock; age asymmetry has no intraday edge at 60m,DEAD_FROZEN,DURATION_HAZARD_RENEWAL
MTNAD-DHR-DAILY,v1,MTNAD-V1,freeze 7deabd8,20-day extreme-refresh age asymmetry (days since 20d-high vs 20d-low refresh) -> next-day open-to-close continuation toward fresh side,daily RTH OHLC from 1m grid,MNQ daily open->close,ARd=(DL-DH)/(DL+DH) causal quintile tails known at prior close,both,0.87-1.305pt; no stop (day cell),neighbors q75/q85+q25/q15 open+30m frozen,1812 evaluations,726 trades,726,C8 dead (-0.34 stressed p .48); C7 near-miss: +15.72 stressed PF 1.37 p .0066 BUT BH q 0.0528 + years 5/7 (2020/2024 negative; 2026 = 46% of profit) + only 41.5% of weeks active,closest nonqualifying candidate of the wave; frozen protocol forbids rescue - no prospective freeze (failed substantive gates unlike STREAK3DN n-floor),DEAD_FROZEN,DURATION_HAZARD_RENEWAL
RNVP-RNL,v1,RNVP-V1,freeze 87b81d8,exogenous 100-pt round-number grid: fade first touch (R1/R2) and trade decisive break with 5-pt buffer (R3/R4) after 60m no-interaction window,price-modulo grid arithmetic on 1m OHLCV,MNQ RTH 631-900 triggers,first-touch reject (high>=L close<L) / first-break (close>=L+5) per frozen definitions; next-1m-open entry; 3xATR20 stop; 60m exit,both arms both directions,0.87-1.305pt; stop-first race; gap-through worse,W 30/120 eps 2.5/10 delay+1 exits 45/90 frozen,2232 triggers,2075 trades,~1800,all 4 cells positive stressed (+0.59 to +3.94) BUT p 0.14-0.29 BH q>=0.52 PF<=1.14; single-year domination (R1 2025=186% R3 2019=209%); all fail top-1% removal (tail-driven),only wave with every cell above water - weak grid effect not resolvable from noise at MNQ costs on 7y; break cells also fail frequency,DEAD_FROZEN,ROUND_NUMBER_GRID
RNVP-VTP,v1,RNVP-V1,freeze 87b81d8,morning total-volume participation surprise (S=Vam/20d norm at 12:00) x morning direction -> afternoon continuation (S>=q70) or reversion (S<=q30),raw 1m volume + price from canonical grid,MNQ RTH 12:00->close,causal q70/q30 tails of S known at 12:00; entry next 1m open; exit RTH close; no stop,continuation and reversion arms,0.87-1.305pt,q60/q80 q40/q20 delay-to-12:30 frozen,1598 thresholded days,930 trades,930,V1/V2 continuation dead (-0.44/-2.28 stressed p>=0.46); V3/V4 reversion strongly negative (-7.6/-6.7 p>=0.74) all neighbors negative,raw volume carries no afternoon-direction information; fading quiet mornings is among the worst trades ever tested here,DEAD_FROZEN,VOLUME_TIME_PARTICIPATION
MROF-YT-OF01-WAVE,v1,MROF-YT-OF-01,freeze analysis/mrofyt/MROF_YT_OF01_WAVE_FREEZE.md + source prompt sha256 7b710b1d,transcript-audited tape-scalping wave: A1-A6 event-tier order-flow families + B1-B4 conditional management + PSY module at frozen level hierarchy,event-level trades+BBO+10-level depth (MLES capture) - DOES NOT EXIST YET (0 sessions),NQ signal / MNQ execution 0930-1130 ET,frozen verbatim in archived source prompt; engine+59 fixture tests delivered,both,150ms latency; stop=extreme+max(2t;0.1xATR); 2R; 10s invalidation; 30m cap,frozen; Romano-Wolf alpha .05 governs event-tier promotions,0 events,0,0,none - no outcome computed or computable,classification INSUFFICIENT_DATA; wave FROZEN-AWAITING-DATA; runs exactly as frozen when State-C readiness passes,RESERVED_UNTOUCHED,-
MROF-YT-OF01.1-WAVE,v1.1-successor,MROF-YT-OF-01.1,successor freeze analysis/mrofyt/MROF_YT_OF01_1_SUCCESSOR_FREEZE.md + source sha256 76624b82; predecessor f99c521 immutable (hashes pinned + tested),additive modules: causal H1 supply/demand-zone context (base+displacement; lifecycle; one family vote; experimental) + key-level wall hold-vs-flush state machine (9 states; armed never enters; confirmed maps to A1-A4/A6 only) + features 24-29 (clearance dynamics; post-clear reserve; quote migration; large-print polarity) + ablations 19-28,event-level trades+BBO+depth + certified front-contract hourly bars - DOES NOT EXIST YET (0 sessions),NQ signal / MNQ execution 0930-1130 ET,frozen verbatim in archived successor prompt; 56/56 new deterministic tests; predecessor 59/59 unchanged,both,unchanged from predecessor (150ms; stop=extreme+max(2t;0.1ATR); 2R; 10s; 30m cap),frozen; Romano-Wolf alpha .05 cumulative,0 events,0,0,none - no outcome computed or computable,classification INSUFFICIENT_DATA; H1_ZONE_UNVERIFIED_CONTEXT + PSY_NQ_UNVERIFIED on historical continuous data; probabilities shadow-only,RESERVED_UNTOUCHED,-
MROF-YT-OF01.2-WAVE,v1.2-successor,MROF-YT-OF-01.2,successor freeze analysis/mrofyt/MROF_YT_OF01_2_SUCCESSOR_FREEZE.md; predecessors f99c521+0bf0ec5 immutable (8 hashes pinned+tested); final-prompt hash 74ff9a99 user-supplied (file not held),uncapped independent-setup coordinator (immutable episode IDs; no trade-count cap; while-flat gating; overlap/duplicate/conflict/risk/data/missed suppression; frozen 60s-or-4-tick re-arm) + 9 pre-outcome spec repairs (strict 20-session baselines; in-formation H1 contract/alignment; no cross-roll zones; liquidity-aware partial/missed fills; absolute 30m-cap precedence; bounded adverse-share + polarity rename; direct A5 tests; bit-for-bit toggle-off parity; in-engine wall eligibility/dedup),event-level trades+BBO+depth - DOES NOT EXIST YET (0 sessions),NQ signal / MNQ execution 0930-1130 ET,31/31 new deterministic tests; predecessor suites 59/59 + 56/56 unchanged; engine 42/42,both,unchanged (150ms; 3xstop rules; 2R; 10s; 30m cap),frozen; Romano-Wolf alpha .05 cumulative,0 events,0,0,none - no outcome computed or computable,classification INSUFFICIENT_DATA; recorder deployment audited but NOT complete (user-side attachment pending),RESERVED_UNTOUCHED,-
MROF-YT-OF01.3-WAVE,v1.3-successor,MROF-YT-OF-01.3,successor freeze analysis/mrofyt/MROF_YT_OF01_3_SUCCESSOR_FREEZE.md; predecessors f99c521+0bf0ec5+3aa0f61 immutable (13 hashes pinned+tested); FINAL prompt archived hash-VERIFIED 74ff9a99,final-prompt-exact coordinator superseding two invented v01.2 rules: deterministic callback-order-independent SETUP_EPISODE_IDs; NO time cooldown (2-tick retreat/new-approach for wall families; band exit+re-entry otherwise; conditions reform from later data); exact-timestamp tie groups (agreeing=one tagged position lowest-family precedence; opposing=no fill/no TRADE_OPENED); event-driven liquidity (repeated quote is not new liquidity); strict 20-session baselines everywhere; calendar-validated H1 windows; wall-episode identity with side (opposite sides never merge); completed deployment/handoff runbooks,event-level trades+BBO+depth - DOES NOT EXIST YET (0 sessions),NQ signal / MNQ execution 0930-1130 ET,32/32 adversarial tests incl. final-prompt (a)-(i); lineage suites 59/59+56/56+31/31 unchanged,both,unchanged (150ms; frozen stops; 2R; 10s; 30m cap),frozen; Romano-Wolf alpha .05 cumulative,0 events,0,0,none - no outcome computed or computable,classification INSUFFICIENT_DATA; recorder deployment runbook complete but attachment pending (user-side),RESERVED_UNTOUCHED,-
MROF-YT-OF01.4-WAVE,v1.4-successor,MROF-YT-OF-01.4,successor freeze analysis/mrofyt/MROF_YT_OF01_4_SUCCESSOR_FREEZE.md; predecessors f99c521+0bf0ec5+3aa0f61+4f821f1 immutable (19 hashes pinned+tested),engine-boundary layer: SignalGroupBuffer (exact completion-timestamp grouping before any fill; opposing separate callbacks = zero fills/no TRADE_OPENED) + CoordinatorV014 (re-arm only after terminal+flat; OVERLAP_SUPPRESSED permanently consumed; reset_t<formed_from_t<=signal_t causality gate; approach IDs created at approach begin and retained for every outcome; full episode ledger; frozen reset-type table not hardcoded family list) + first-executable-book fills (one snapshot; partial+cancel; hours-later quote never fills) + wired ResearchEngineV014 as sole executable path (import-graph tested) + hash-pinned review package for independent 42/42+15/15+read-only verification,event-level trades+BBO+depth - DOES NOT EXIST YET (0 sessions),NQ signal / MNQ execution 0930-1130 ET,25/25 adversarial tests; lineage 59/59+56/56+31/31+32/32 unchanged; engine 42/42; closure 15/15,both,unchanged (150ms; frozen stops; 2R; 10s; 30m cap; uncapped-valid-setup policy),frozen; Romano-Wolf alpha .05 cumulative,0 events,0,0,none - no outcome computed or computable,classification INSUFFICIENT_DATA,RESERVED_UNTOUCHED,-
MLES-CAPTURE-1.1,v1.1-recorder,MLES-CAPTURE-1.1,freeze analysis/mrofyt/MLES_CAPTURE_V11_FREEZE.md; predecessor recorder MLES-CAPTURE-1.0.0 (c40f39a) untouched and hash-pinned,additive recorder successor: runId+segId+exact contract+session in every row and path; restart mints new runId and its own manifest; .partial to atomic finalize; finalized files never appended and manifests never overwritten (.collision-N); one globally monotonic eventSeq via atomic counter across quote/trade/depth/connection/quality with per-stream seq secondary; single ordered writer thread; both clocks ISO-8601; queue overflow/dropped/write-error counters; complete manifests incl. depth side and action counts,no data captured yet (0 sessions),NQ + MNQ separate books; ES optional,C# syntax-verified with mcs against NT8 stubs (exit 0); NT8 F5 compile and Market Replay smoke test NOT RUN (no NinjaTrader/feed in environment),n/a,n/a,n/a,0 events,0,0,none - no outcome computed or computable,classification INSUFFICIENT_DATA; deployment remains user-side,RESERVED_UNTOUCHED,-
MROF-YT-OF01.5-WAVE,v1.5-successor,MROF-YT-OF-01.5,successor freeze analysis/mrofyt/MROF_YT_OF01_5_SUCCESSOR_FREEZE.md; predecessors f99c521+0bf0ec5+3aa0f61+4f821f1+8cdacfd immutable (23 hashes pinned+tested),canonical MLES-1.1 ingestion adapter (ISO-8601 without float; enum normalization; unknown enums rejected) + manifest-authoritative integrity audit (hash/size/row/schema/run/contract/session; FAIL on gap/dup/reversal/mixed-run/mixed-contract/missing-stream/hash-mismatch/malformed-header; NQ+MNQ required ES optional; depth side and action coverage; restart and contract-roll collision detection) + CoordinatorV015 (open-position checked before consumed/rearm so every valid in-trade signal is OVERLAP_SUPPRESSED; adjudicated occurrences consumed and never retried from stale data; approach IDs minted at the price event; union of level IDs/families/signal families; exact-time buffering that a same-time price callback cannot flush; conflicts produce zero fill/zero position/no TRADE_OPENED) wired as the sole executable entrypoint with import-graph proof,event-level trades+BBO+depth - DOES NOT EXIST YET (0 sessions),NQ signal / MNQ execution 0930-1130 ET,29/29 MLES-1.1 + 36/36 v01.5 adversarial incl. literal recorder-format end-to-end; lineage 59+56+31+32+25 unchanged; engine 42/42; closure 15/15; TOTAL 325/325,both,unchanged (A1-A6 thresholds; frozen reset types; 150ms; 2R; 10s; 30m cap; uncapped-valid-setup policy),frozen; Romano-Wolf alpha .05 cumulative,0 events,0,0,none - no outcome computed or computable,classification INSUFFICIENT_DATA; NT8 F5 compile and Market Replay smoke test NOT RUN (environment lacks NinjaTrader),RESERVED_UNTOUCHED,-
