family,horizon,n,mean_pts,p,bh_q
F01,1,884,-1.8009,0.0095,0.1782
F01,3,884,-1.5891,0.0900,0.5520
F01,5,884,-1.5274,0.1850,0.6970
F01,10,884,-0.8119,0.5295,0.8838
F01,15,884,-0.9760,0.5590,0.8878
F01,30,884,-1.6041,0.4920,0.8838
F01,60,884,-4.8510,0.0920,0.5520
F01,120,884,-4.7938,0.2055,0.7275
F01,CLOSE,873,-5.6289,0.2040,0.7275
F02,1,884,1.8009,0.0110,0.1782
F02,3,884,1.5891,0.0775,0.5400
F02,5,884,1.5274,0.1720,0.6970
F02,10,884,0.8119,0.5510,0.8838
F02,15,884,0.9760,0.5510,0.8838
F02,30,884,1.6041,0.5210,0.8838
F02,60,884,4.8510,0.0855,0.5520
F02,120,884,4.7938,0.2115,0.7275
F02,CLOSE,873,5.6289,0.2305,0.7275
F03,1,188,0.4774,0.5390,0.8838
F03,3,188,0.7926,0.4880,0.8838
F03,5,188,1.0745,0.4185,0.8814
F03,10,188,2.2553,0.1850,0.6970
F03,15,188,2.2553,0.2420,0.7275
F03,30,188,0.6556,0.8335,1.0000
F03,60,188,-0.5931,0.8790,1.0000
F03,120,188,-2.3723,0.6745,0.9670
F03,CLOSE,141,-0.4858,0.9620,1.0000
F04,1,816,-0.2871,0.6530,0.9561
F04,3,816,-1.0827,0.1595,0.6928
F04,5,816,0.3845,0.6555,0.9561
F04,10,816,-0.6449,0.5505,0.8838
F04,15,816,-0.4164,0.7430,0.9873
F04,30,816,-1.4338,0.4130,0.8814
F04,60,816,-3.5999,0.1625,0.6928
F04,120,816,-5.4969,0.1250,0.5956
F04,CLOSE,806,-2.8908,0.4915,0.8838
F06,1,1381,1.4714,0.0105,0.1782
F06,3,1381,1.7960,0.0065,0.1782
F06,5,1381,0.6465,0.4075,0.8814
F06,10,1381,0.4294,0.6365,0.9547
F06,15,1381,-0.2100,0.8860,1.0000
F06,30,1381,-0.6946,0.6610,0.9561
F06,60,1381,-2.4471,0.2425,0.7275
F06,120,1381,-1.3224,0.6190,0.9372
F06,CLOSE,1345,3.2853,0.3765,0.8814
F07,1,1796,-0.4027,0.3465,0.8723
F07,3,1796,-0.3238,0.5745,0.9036
F07,5,1796,-0.1640,0.8330,1.0000
F07,10,1796,-0.4372,0.6095,0.9315
F07,15,1796,-0.4443,0.6940,0.9862
F07,30,1796,-0.9802,0.4495,0.8814
F07,60,1796,-2.0695,0.2315,0.7275
F07,120,1796,-3.6318,0.1225,0.5956
F07,CLOSE,1769,-5.6634,0.0550,0.4950
F08,1,1575,0.7927,0.0075,0.1782
F08,3,1575,1.2748,0.0002,0.0202
F08,5,1575,1.2786,0.0080,0.1782
F08,10,1575,1.4679,0.0270,0.3365
F08,15,1575,0.9378,0.2820,0.7798
F08,30,1575,1.2362,0.2840,0.7798
F08,60,1575,1.7952,0.2635,0.7623
F08,120,1575,-0.2892,0.8655,1.0000
F08,CLOSE,1537,1.9118,0.4550,0.8814
F09,1,928,1.2573,0.1145,0.5956
F09,3,928,2.0442,0.0695,0.5400
F09,5,928,2.1237,0.1060,0.5921
F09,10,928,1.5051,0.3885,0.8814
F09,15,928,-0.5722,0.7695,0.9873
F09,30,928,0.2352,0.9420,1.0000
F09,60,928,3.0673,0.3405,0.8723
F09,120,928,3.1255,0.4545,0.8814
F09,CLOSE,903,2.2176,0.7205,0.9873
F10,1,928,-1.2573,0.1295,0.5994
F10,3,928,-2.0442,0.0800,0.5400
F10,5,928,-2.1237,0.1180,0.5956
F10,10,928,-1.5051,0.3835,0.8814
F10,15,928,0.5722,0.7665,0.9873
F10,30,928,-0.2352,0.9195,1.0000
F10,60,928,-3.0673,0.3500,0.8723
F10,120,928,-3.1255,0.4570,0.8814
F10,CLOSE,903,-2.2176,0.7200,0.9873
F11,1,1806,0.2709,0.5185,0.8838
F11,3,1806,-0.3883,0.4930,0.8838
F11,5,1806,-0.4168,0.5400,0.8838
F11,10,1806,-0.1985,0.8495,1.0000
F11,15,1806,0.8296,0.4385,0.8814
F11,30,1806,-0.4874,0.7530,0.9873
F11,60,1806,0.6491,0.7400,0.9873
F11,120,1806,0.6310,0.7970,0.9924
F11,CLOSE,1745,0.9817,0.7855,0.9924
F12,1,1532,-0.3146,0.5295,0.8838
F12,3,1532,-0.9003,0.1845,0.6970
F12,5,1532,-1.5927,0.0660,0.5400
F12,10,1532,-1.6650,0.1485,0.6683
F12,15,1532,-1.1167,0.4525,0.8814
F12,30,1532,-1.9388,0.2970,0.8019
F12,60,1532,-0.8208,0.7370,0.9873
F12,120,1532,0.1023,0.9635,1.0000
F12,CLOSE,1500,3.8893,0.3960,0.8814
F13,1,8,-3.1250,nan,1.0000
F13,3,8,-7.5000,nan,1.0000
F13,5,8,-3.8125,nan,1.0000
F13,10,8,-2.9062,nan,1.0000
F13,15,8,-0.5000,nan,1.0000
F13,30,8,1.6875,nan,1.0000
F13,60,8,1.3438,nan,1.0000
F13,120,8,-10.2500,nan,1.0000
F13,CLOSE,0,nan,nan,1.0000
F14,1,2087,1.3377,0.0002,0.0202
F14,3,2087,1.2601,0.0105,0.1782
F14,5,2087,0.4677,0.4220,0.8814
F14,10,2087,0.1913,0.7975,0.9924
F14,15,2087,0.1896,0.8025,0.9924
F14,30,2087,1.0640,0.3835,0.8814
F14,60,2087,1.9529,0.2470,0.7275
F14,120,2087,2.5131,0.2335,0.7275
F14,CLOSE,2061,4.2627,0.0965,0.5583
F15,1,3648,0.0000,2.0000,1.0000
F15,3,3648,0.0000,2.0000,1.0000
F15,5,3648,0.0000,2.0000,1.0000
F15,10,3648,0.0000,2.0000,1.0000
F15,15,3648,0.0000,2.0000,1.0000
F15,30,3648,0.0000,2.0000,1.0000
F15,60,3648,0.0000,2.0000,1.0000
F15,120,3648,0.0000,2.0000,1.0000
F15,CLOSE,3526,0.0000,2.0000,1.0000
F16,1,1392,0.5973,0.3790,0.8814
F16,3,1392,-0.5007,0.5990,0.9242
F16,5,1392,-0.7615,0.4895,0.8838
F16,10,1392,-0.9488,0.4900,0.8838
F16,15,1392,0.3818,0.7740,0.9873
F16,30,1392,-0.2268,0.9205,1.0000
F16,60,1392,1.4393,0.5890,0.9175
F16,120,1392,0.9806,0.7590,0.9873
F16,CLOSE,1348,4.3173,0.4020,0.8814
F17,1,1040,0.8579,0.0490,0.4669
F17,3,1040,0.5731,0.2740,0.7787
F17,5,1040,0.0716,0.8645,1.0000
F17,10,1040,0.6837,0.3220,0.8551
F17,15,1040,1.0466,0.2285,0.7275
F17,30,1040,0.7031,0.6495,0.9561
F17,60,1040,1.5216,0.4565,0.8814
F17,120,1040,2.7430,0.3500,0.8723
F17,CLOSE,1040,0.4106,0.8840,1.0000
F18,1,861,-0.5244,0.2125,0.7275
F18,3,861,0.1873,0.7580,0.9873
F18,5,861,0.2030,0.7635,0.9873
F18,10,861,-0.5929,0.5065,0.8838
F18,15,861,-1.6925,0.1105,0.5956
F18,30,861,0.5465,0.7525,0.9873
F18,60,861,1.4042,0.4985,0.8838
F18,120,861,2.0485,0.4290,0.8814
F18,CLOSE,861,2.0453,0.2375,0.7275
F19,1,3538,-0.4886,0.0220,0.2970
F19,3,3538,-0.6957,0.0310,0.3587
F19,5,3538,-0.7870,0.0480,0.4669
F19,10,3538,-1.0397,0.0735,0.5400
F19,15,3538,-1.0906,0.0740,0.5400
F19,30,3538,-1.9646,0.0110,0.1782
F19,60,3538,-2.2683,0.0150,0.2209
F19,120,3538,-1.5674,0.1805,0.6970
F19,CLOSE,3440,-1.9684,0.0480,0.4669
