hypothesis_id,family,direction,stop_atr15,exit,n_trades,n_days,ambiguous,gross_ev_pts,base_ev_pts,stress_ev_pts,base_evR,stress_evR,base_pf,stress_pf,wr_stress,payoff_stress,ci_lo,ci_hi,boot_p,perm_p,bh_q,matched_null_mean,incr_ok,seg_pos_frac,nseg,drop1_ev,trim_top1_ev,prelim_pass,first_fail
F01_k1.5_L10_T120,F01,1,1.0,T120,544,544,0,-1.2732,-2.1432,-2.5782,-0.1408,-0.1553,0.919,0.904,0.3015,2.094,-8.4026,3.4764,0.38640,0.04850,0.22821,-5.7747,False,0.333,15,-3.5386,-5.9527,False,G04_quality
F01_k1.5_L10_T30,F01,1,1.0,T30,544,544,0,-0.6641,-1.5341,-1.9691,-0.0826,-0.0972,0.925,0.905,0.4044,1.332,-6.3198,2.5543,0.36900,0.08559,0.34684,-5.1597,False,0.400,15,-2.5076,-4.3338,False,G04_quality
F01_k1.5_L20_T120,F01,1,2.0,T120,544,544,0,-2.9568,-3.8268,-4.2618,-0.0913,-0.0986,0.892,0.880,0.4393,1.123,-11.4362,3.2163,0.26460,0.00980,0.05736,-9.4740,False,0.333,15,-5.2253,-7.9460,False,G04_quality
F01_k1.5_L20_T30,F01,1,2.0,T30,544,544,0,-1.8186,-2.6886,-3.1236,-0.0643,-0.0715,0.884,0.867,0.4688,0.982,-8.2625,2.0968,0.23240,0.07529,0.32168,-7.2591,False,0.400,15,-3.6642,-5.4990,False,G04_quality
F01_k1.5_S10_T120,F01,-1,1.0,T120,340,340,0,-3.8112,-4.6812,-5.1162,-0.0622,-0.0760,0.835,0.821,0.3000,1.917,-12.8156,3.1603,0.20240,0.09149,0.34684,-5.7700,False,0.357,14,-6.3730,-8.5989,False,G04_quality
F01_k1.5_S10_T30,F01,-1,1.0,T30,340,340,0,-1.6962,-2.5662,-3.0012,-0.0400,-0.0538,0.870,0.850,0.4235,1.157,-8.2874,2.4444,0.26920,0.25187,0.71964,-4.1569,False,0.286,14,-2.2323,-4.4473,False,G04_quality
F01_k1.5_S20_T120,F01,-1,2.0,T120,340,340,0,0.5327,-0.3373,-0.7723,0.0031,-0.0038,0.991,0.979,0.4441,1.225,-11.7937,11.0375,0.88760,0.00110,0.00880,-7.2116,False,0.357,14,-2.7236,-6.0347,False,G04_quality
F01_k1.5_S20_T30,F01,-1,2.0,T30,340,340,0,1.1097,0.2397,-0.1953,-0.0059,-0.0128,1.012,0.990,0.4706,1.114,-7.0076,6.6942,0.96620,0.01110,0.06342,-4.9501,False,0.429,14,-1.6958,-2.7040,False,G04_quality
F01_k2.5_L10_T120,F01,1,1.0,T120,89,89,0,-10.7671,-11.6371,-12.0721,-0.4447,-0.4604,0.602,0.592,0.1685,2.920,-25.9190,5.6601,0.15720,0.84922,1.00000,-6.5136,False,0.200,10,-18.1063,-18.1063,False,G01_events
F01_k2.5_L10_T30,F01,1,1.0,T30,89,89,0,-3.0161,-3.8861,-4.3211,-0.1605,-0.1762,0.826,0.809,0.3258,1.675,-15.8714,8.5433,0.45840,0.48775,1.00000,-5.7830,False,0.400,10,-7.5570,-7.5570,False,G01_events
F01_k2.5_L20_T120,F01,1,2.0,T120,89,89,0,-8.9266,-9.7966,-10.2316,-0.1611,-0.1690,0.770,0.762,0.3371,1.498,-31.3110,14.0237,0.36220,0.53465,1.00000,-9.7904,False,0.300,10,-16.2449,-16.2449,False,G01_events
F01_k2.5_L20_T30,F01,1,2.0,T30,89,89,0,-6.0746,-6.9446,-7.3796,-0.1275,-0.1353,0.760,0.747,0.4157,1.050,-21.4651,7.7536,0.31080,0.56534,1.00000,-8.8677,False,0.300,10,-10.6504,-10.6504,False,G01_events
F01_k2.5_S10_T120,F01,-1,1.0,T120,32,32,0,-9.4799,-10.3499,-10.7849,-0.0087,-0.0194,0.769,0.761,0.2812,1.945,-49.5600,32.9138,0.60300,0.20678,0.67874,-13.2672,False,1.000,1,-24.7117,-24.7117,False,G01_events
F01_k2.5_S10_T30,F01,-1,1.0,T30,32,32,0,-10.7623,-11.6323,-12.0673,0.0147,0.0040,0.699,0.690,0.3438,1.318,-44.3496,18.4059,0.45920,0.64954,1.00000,-5.1991,True,1.000,1,-3.9513,-18.6967,False,G01_events
F01_k2.5_S20_T120,F01,-1,2.0,T120,32,32,0,41.4699,40.5999,40.1649,0.3592,0.3538,1.888,1.875,0.5000,1.875,-26.8731,113.6079,0.24660,0.00020,0.00166,-17.8338,True,1.000,1,20.3252,20.3252,False,G01_events
F01_k2.5_S20_T30,F01,-1,2.0,T30,32,32,0,7.5167,6.6467,6.2117,0.0639,0.0585,1.167,1.155,0.4688,1.309,-44.6744,56.7508,0.79800,0.08409,0.34684,-7.2335,True,1.000,1,22.5879,-9.9893,False,G01_events
F02_k1.5_L10_T120,F02,1,1.0,T120,340,340,0,-1.6795,-2.5495,-2.9845,-0.0593,-0.0732,0.906,0.891,0.3412,1.721,-10.9738,6.0286,0.45600,0.99760,1.00000,4.6267,True,0.429,14,-5.2114,-7.5061,False,G04_quality
F02_k1.5_L10_T30,F02,1,1.0,T30,340,340,0,-1.7276,-2.5976,-3.0326,-0.0577,-0.0715,0.867,0.847,0.4529,1.023,-8.5838,2.9425,0.31320,0.99060,1.00000,2.1835,True,0.286,14,-4.4610,-5.6555,False,G04_quality
F02_k1.5_L20_T120,F02,1,2.0,T120,340,340,0,1.1366,0.2666,-0.1684,0.0157,0.0088,1.008,0.995,0.4824,1.068,-10.2447,10.5312,0.95820,0.99610,1.00000,5.9889,True,0.357,14,-2.3871,-4.6650,False,G04_quality
F02_k1.5_L20_T30,F02,1,2.0,T30,340,340,0,-3.0402,-3.9102,-4.3452,-0.0406,-0.0476,0.824,0.807,0.5000,0.807,-11.3575,2.7402,0.21000,0.99920,1.00000,2.5532,True,0.286,14,-2.8064,-6.9799,False,G04_quality
F02_k1.5_S10_T120,F02,-1,1.0,T120,544,544,0,8.1425,7.2725,6.8375,0.1867,0.1722,1.283,1.263,0.3327,2.534,-0.8066,15.1566,0.08160,0.77362,1.00000,8.0740,False,0.800,15,5.2512,1.2831,False,G04_quality
F02_k1.5_S10_T30,F02,-1,1.0,T30,544,544,0,3.3555,2.4855,2.0505,0.1204,0.1059,1.129,1.105,0.4393,1.411,-2.7695,7.0396,0.41340,0.74703,1.00000,5.1318,False,0.733,15,1.3693,-0.3798,False,G04_quality
F02_k1.5_S20_T120,F02,-1,2.0,T120,544,544,0,8.2351,7.3651,6.9301,0.1030,0.0957,1.224,1.209,0.4430,1.520,-2.0030,16.2048,0.13840,0.90091,1.00000,9.4442,False,0.667,15,5.3440,0.8070,False,G04_quality
F02_k1.5_S20_T30,F02,-1,2.0,T30,544,544,0,2.4856,1.6156,1.1806,0.0513,0.0440,1.075,1.054,0.4835,1.127,-4.1398,6.6301,0.66060,0.91341,1.00000,5.5741,False,0.600,15,0.4978,-1.2578,False,G04_quality
F02_k2.5_L10_T120,F02,1,1.0,T120,32,32,0,-1.3672,-2.2372,-2.6722,-0.2569,-0.2676,0.945,0.935,0.2188,3.339,-45.5148,58.8150,0.85860,0.93031,1.00000,26.6153,True,0.000,1,-27.0147,-27.0147,False,G01_events
F02_k2.5_L10_T30,F02,1,1.0,T30,32,32,0,-5.6752,-6.5452,-6.9802,-0.1898,-0.2005,0.821,0.810,0.3750,1.351,-41.2994,34.8713,0.67900,0.87181,1.00000,6.6947,True,0.000,1,-22.7278,-22.7278,False,G01_events
F02_k2.5_L20_T120,F02,1,2.0,T120,32,32,0,16.0112,15.1412,14.7062,0.1584,0.1530,1.305,1.295,0.4688,1.467,-48.6186,84.5276,0.68380,0.89321,1.00000,34.1677,False,0.000,1,-9.0757,-9.0757,False,G01_events
F02_k2.5_L20_T30,F02,1,2.0,T30,32,32,0,-3.5725,-4.4425,-4.8775,-0.0108,-0.0162,0.901,0.892,0.5312,0.787,-55.4010,44.4037,0.85120,0.86181,1.00000,8.7692,True,0.000,1,11.9335,-20.5573,False,G01_events
F02_k2.5_S10_T120,F02,-1,1.0,T120,89,89,0,15.2010,14.3310,13.8960,0.3812,0.3655,1.644,1.616,0.3371,3.179,-4.1754,34.5989,0.14040,0.55014,1.00000,16.4370,False,0.700,10,7.9779,7.9779,False,G01_events
F02_k2.5_S10_T30,F02,-1,1.0,T30,89,89,0,7.1860,6.3160,5.8810,0.1596,0.1439,1.334,1.307,0.4270,1.754,-6.6467,20.2913,0.40060,0.49515,1.00000,7.4046,False,0.500,10,1.7212,1.7212,False,G01_events
F02_k2.5_S20_T120,F02,-1,2.0,T120,89,89,0,24.0538,23.1838,22.7488,0.3045,0.2966,1.822,1.800,0.4944,1.841,-1.3491,49.4578,0.06580,0.33717,0.84292,19.1800,False,0.700,10,15.2607,15.2607,False,G01_events
F02_k2.5_S20_T30,F02,-1,2.0,T30,89,89,0,7.6144,6.7444,6.3094,0.1113,0.1035,1.300,1.278,0.5281,1.142,-8.6910,22.5028,0.42500,0.55314,1.00000,8.9617,False,0.600,10,2.1544,2.1544,False,G01_events
F03_q0.60_L10_T120,F03,1,1.0,T120,91,91,0,-2.7453,-3.6153,-4.0503,-0.2132,-0.2367,0.780,0.758,0.2747,2.002,-11.7206,4.4181,0.33680,0.85881,1.00000,-2.5630,False,0.300,10,-5.5280,-5.5280,False,G01_events
F03_q0.60_L10_T30,F03,1,1.0,T30,91,91,0,-0.4910,-1.3610,-1.7960,-0.0968,-0.1203,0.874,0.837,0.3956,1.279,-7.1896,3.7262,0.52020,0.68013,1.00000,-1.7979,False,0.500,10,-2.8737,-2.8737,False,G01_events
F03_q0.60_L20_T120,F03,1,2.0,T120,91,91,0,-1.3799,-2.2499,-2.6849,-0.0861,-0.0978,0.889,0.869,0.4505,1.060,-12.7579,7.6467,0.60200,0.83612,1.00000,-4.1930,False,0.600,10,-4.1475,-4.1475,False,G01_events
F03_q0.60_L20_T30,F03,1,2.0,T30,91,91,0,1.6695,0.7995,0.3645,-0.0161,-0.0278,1.070,1.031,0.4945,1.054,-6.5939,7.3763,0.91640,0.39896,0.92437,-3.0677,True,0.600,10,1.7331,-0.6891,False,G01_events
F03_q0.60_S10_T120,F03,-1,1.0,T120,97,97,0,7.5788,6.7088,6.2738,0.2582,0.2309,1.405,1.372,0.2577,3.950,-5.7474,20.0501,0.33320,0.14509,0.52758,5.8902,False,0.500,12,3.4491,3.4491,False,G01_events
F03_q0.60_S10_T30,F03,-1,1.0,T30,97,97,0,3.9137,3.0437,2.6087,0.1502,0.1229,1.253,1.212,0.3711,2.054,-5.5990,11.9152,0.58040,0.17238,0.59959,2.5632,False,0.500,12,0.3421,0.3421,False,G01_events
F03_q0.60_S20_T120,F03,-1,2.0,T120,97,97,0,4.0677,3.1977,2.7627,0.0793,0.0657,1.143,1.122,0.3814,1.819,-10.9460,17.2955,0.72560,0.44166,0.97245,5.7345,False,0.500,12,-0.0985,-0.0985,False,G01_events
F03_q0.60_S20_T30,F03,-1,2.0,T30,97,97,0,2.2555,1.3855,0.9505,0.0463,0.0326,1.100,1.067,0.3918,1.657,-7.7078,10.4251,0.86620,0.40056,0.92437,2.1087,False,0.500,12,-1.3333,-1.3333,False,G01_events
F03_q0.75_L10_T120,F03,1,1.0,T120,211,211,0,-0.1053,-0.9753,-1.4103,-0.0514,-0.0726,0.946,0.922,0.3270,1.898,-7.2403,4.5999,0.63540,0.64344,1.00000,-2.7454,False,0.357,14,-2.1310,-2.8335,False,G04_quality
F03_q0.75_L10_T30,F03,1,1.0,T30,211,211,0,-0.8104,-1.6804,-2.1154,-0.0945,-0.1157,0.873,0.844,0.4028,1.250,-6.3671,2.2212,0.33060,0.82852,1.00000,-0.3763,True,0.357,14,-2.6788,-3.1830,False,G04_quality
F03_q0.75_L20_T120,F03,1,2.0,T120,211,211,0,3.0252,2.1552,1.7202,0.0264,0.0158,1.097,1.076,0.5118,1.027,-6.0756,9.7422,0.65660,0.30107,0.80285,-3.6754,True,0.500,14,1.0144,0.3269,False,G04_quality
F03_q0.75_L20_T30,F03,1,2.0,T30,211,211,0,0.6721,-0.1979,-0.6329,-0.0265,-0.0371,0.987,0.958,0.5118,0.913,-5.9568,4.6425,0.80340,0.59974,1.00000,-0.7870,False,0.571,14,-0.0445,-1.6862,False,G04_quality
F03_q0.75_S10_T120,F03,-1,1.0,T120,197,197,0,9.7562,8.8862,8.4512,0.3454,0.3225,1.495,1.463,0.2995,3.421,-0.7943,18.2250,0.07400,0.00670,0.04346,5.8172,False,0.533,15,7.0787,7.0787,False,G04_quality
F03_q0.75_S10_T30,F03,-1,1.0,T30,197,197,0,2.5027,1.6327,1.1977,0.1204,0.0975,1.109,1.078,0.3655,1.872,-5.3204,7.9765,0.74320,0.22768,0.69834,2.2042,False,0.467,15,-0.1722,-0.1722,False,G04_quality
F03_q0.75_S20_T120,F03,-1,2.0,T120,197,197,0,3.4695,2.5995,2.1645,0.0932,0.0818,1.097,1.080,0.4010,1.613,-8.1504,13.1223,0.68320,0.28407,0.77474,5.6875,False,0.467,15,0.7601,0.7601,False,G04_quality
F03_q0.75_S20_T30,F03,-1,2.0,T30,197,197,0,0.3299,-0.5401,-0.9751,0.0342,0.0227,0.970,0.947,0.4061,1.385,-8.2432,6.4840,0.79140,0.57734,1.00000,1.8412,True,0.400,15,-2.3560,-2.3560,False,G04_quality
F04_m2.5_L10_T120,F04,1,1.0,T120,423,423,0,-1.3655,-2.2355,-2.6705,-0.0921,-0.1048,0.920,0.906,0.3475,1.701,-9.3187,4.3853,0.44900,0.00010,0.00092,-13.5122,False,0.267,15,-3.5517,-5.7366,False,G04_quality
F04_m2.5_L10_T30,F04,1,1.0,T30,423,423,0,-0.9542,-1.8242,-2.2592,-0.0236,-0.0363,0.907,0.886,0.4704,0.998,-6.6639,2.3099,0.33120,0.00240,0.01745,-10.7163,False,0.400,15,-2.8574,-4.0600,False,G04_quality
F04_m2.5_L20_T120,F04,1,2.0,T120,423,423,0,-4.1047,-4.9747,-5.4097,-0.0772,-0.0835,0.859,0.848,0.4492,1.040,-13.5949,2.9968,0.20380,0.00010,0.00092,-22.1145,False,0.267,15,-6.2974,-8.5020,False,G04_quality
F04_m2.5_L20_T30,F04,1,2.0,T30,423,423,0,0.6841,-0.1859,-0.6209,-0.0045,-0.0109,0.990,0.968,0.5272,0.868,-5.3915,4.2225,0.81340,0.00010,0.00092,-14.0172,False,0.333,15,-1.2152,-2.4061,False,G04_quality
F04_m2.5_S10_T120,F04,-1,1.0,T120,393,393,0,-3.5370,-4.4070,-4.8420,-0.1299,-0.1438,0.816,0.801,0.3461,1.513,-10.8154,1.3666,0.12720,0.00020,0.00166,-14.5320,False,0.143,14,-5.8198,-7.2839,False,G04_quality
F04_m2.5_S10_T30,F04,-1,1.0,T30,393,393,0,-2.8651,-3.7351,-4.1701,-0.0722,-0.0862,0.756,0.732,0.4122,1.043,-7.9411,-0.3379,0.03280,0.01290,0.07199,-10.2550,False,0.357,14,-3.5395,-5.2626,False,G04_quality
F04_m2.5_S20_T120,F04,-1,2.0,T120,393,393,0,-2.3337,-3.2037,-3.6387,-0.0643,-0.0712,0.881,0.866,0.4198,1.196,-11.1544,3.9021,0.33080,0.00010,0.00092,-21.7716,False,0.286,14,-2.3688,-6.6579,False,G04_quality
F04_m2.5_S20_T30,F04,-1,2.0,T30,393,393,0,-3.2123,-4.0823,-4.5173,-0.0329,-0.0399,0.745,0.722,0.4326,0.948,-9.1322,-0.2501,0.03680,0.00560,0.03733,-12.1874,False,0.357,14,-3.2496,-5.6125,False,G04_quality
F04_m3.5_L10_T120,F04,1,1.0,T120,174,174,0,4.3587,3.4887,3.0537,-0.0149,-0.0269,1.130,1.113,0.3506,2.062,-8.8494,16.1046,0.64580,0.00010,0.00092,-15.1149,True,0.429,14,-0.4067,-0.4067,False,G04_quality
F04_m3.5_L10_T30,F04,1,1.0,T30,174,174,0,5.9998,5.1298,4.6948,0.0838,0.0718,1.278,1.252,0.5172,1.169,-3.2561,13.2416,0.25020,0.00010,0.00092,-10.9643,True,0.643,14,2.9925,2.9925,False,G04_quality
F04_m3.5_L20_T120,F04,1,2.0,T120,174,174,0,-2.2861,-3.1561,-3.5911,-0.0673,-0.0733,0.912,0.901,0.4368,1.162,-17.5747,11.2915,0.61480,0.00010,0.00092,-24.4168,False,0.357,14,-7.0899,-7.0899,False,G04_quality
F04_m3.5_L20_T30,F04,1,2.0,T30,174,174,0,5.4715,4.6015,4.1665,0.0375,0.0315,1.227,1.204,0.5747,0.891,-4.8483,13.1558,0.36980,0.00010,0.00092,-15.0456,True,0.571,14,2.4611,2.4611,False,G04_quality
F04_m3.5_S10_T120,F04,-1,1.0,T120,110,110,0,-9.7157,-10.5857,-11.0207,-0.3455,-0.3593,0.623,0.612,0.2909,1.491,-22.2821,0.9619,0.06620,0.02910,0.14858,-19.5044,False,0.200,10,-8.8156,-12.9035,False,G04_quality
F04_m3.5_S10_T30,F04,-1,1.0,T30,110,110,0,-5.2458,-6.1158,-6.5508,-0.1742,-0.1879,0.652,0.633,0.4000,0.950,-14.8630,1.7143,0.12200,0.08779,0.34684,-13.4677,False,0.200,10,-4.3047,-7.9980,False,G04_quality
F04_m3.5_S20_T120,F04,-1,2.0,T120,110,110,0,-4.1688,-5.0388,-5.4738,-0.1057,-0.1126,0.848,0.836,0.4000,1.254,-23.5550,12.9797,0.55920,0.00010,0.00092,-30.5889,False,0.400,10,-0.9236,-9.7002,False,G04_quality
F04_m3.5_S20_T30,F04,-1,2.0,T30,110,110,0,-6.4224,-7.2924,-7.7274,-0.0768,-0.0837,0.623,0.606,0.4091,0.875,-20.3547,2.5518,0.15260,0.06769,0.29539,-16.2750,False,0.300,10,-3.1979,-9.1854,False,G04_quality
F05BASE_L10_T120,F05BASE,1,1.0,T120,649,649,0,6.3068,5.4368,5.0018,0.0737,0.0549,1.253,1.230,0.3159,2.663,-0.3319,10.6210,0.06820,0.00490,nan,1.1895,True,0.733,15,4.1829,1.6295,False,G04_quality
F05BASE_L10_T30,F05BASE,1,1.0,T30,649,649,0,2.3317,1.4617,1.0267,-0.0261,-0.0450,1.081,1.056,0.3667,1.824,-2.7327,4.8508,0.58560,0.05009,nan,-0.8833,True,0.467,15,0.5862,-0.7560,False,G04_quality
F05BASE_S10_T120,F05BASE,-1,1.0,T120,656,656,0,0.6747,-0.1953,-0.6303,0.0645,0.0458,0.992,0.974,0.2424,3.044,-6.2352,5.3241,0.79400,0.35796,nan,2.4620,True,0.600,15,-1.9709,-5.0048,False,G04_quality
F05BASE_S10_T30,F05BASE,-1,1.0,T30,656,656,0,-1.3388,-2.2088,-2.6438,-0.0018,-0.0205,0.883,0.862,0.3613,1.523,-6.1260,1.0095,0.15020,0.74983,nan,-0.4464,True,0.467,15,-2.9924,-4.3443,False,G04_quality
F06_L10_T120,F06,1,1.0,T120,793,793,0,1.1782,0.3082,-0.1268,0.0210,0.0035,1.014,0.994,0.3569,1.792,-4.2180,4.0476,0.94180,0.99910,1.00000,4.5276,True,0.600,15,-0.9741,-2.6103,False,G04_quality
F06_L10_T30,F06,1,1.0,T30,793,793,0,1.4419,0.5719,0.1369,0.0026,-0.0150,1.040,1.010,0.4527,1.220,-2.4534,2.8758,0.92380,0.86791,1.00000,1.2752,False,0.467,15,-0.3013,-1.3436,False,G04_quality
F06_L20_T120,F06,1,2.0,T120,793,793,0,0.3829,-0.4871,-0.9221,0.0089,0.0001,0.983,0.968,0.4855,1.026,-5.9864,4.4517,0.72640,1.00000,1.00000,5.4008,True,0.400,15,-1.7704,-3.5643,False,G04_quality
F06_L20_T30,F06,1,2.0,T30,793,793,0,0.9882,0.1182,-0.3168,-0.0062,-0.0150,1.007,0.981,0.5183,0.911,-3.4205,2.6866,0.83820,0.94851,1.00000,1.2349,True,0.333,15,-0.7556,-1.8439,False,G04_quality
F06_S10_T120,F06,-1,1.0,T120,588,588,0,-1.0770,-1.9470,-2.3820,0.0122,-0.0004,0.938,0.924,0.3095,2.062,-8.9838,4.7239,0.49400,0.99960,1.00000,6.3371,True,0.400,15,-3.9392,-6.3822,False,G04_quality
F06_S10_T30,F06,-1,1.0,T30,588,588,0,-3.4352,-4.3052,-4.7402,-0.0503,-0.0629,0.812,0.796,0.3912,1.238,-9.0426,-0.4732,0.02960,1.00000,1.00000,3.5289,True,0.200,15,-5.1179,-6.5008,False,G04_quality
F06_S20_T120,F06,-1,2.0,T120,588,588,0,-1.8444,-2.7144,-3.1494,0.0133,0.0070,0.933,0.922,0.4490,1.132,-11.5181,5.4017,0.45920,0.99980,1.00000,6.6705,True,0.333,15,-4.7080,-7.1657,False,G04_quality
F06_S20_T30,F06,-1,2.0,T30,588,588,0,-2.7109,-3.5809,-4.0159,-0.0142,-0.0205,0.857,0.841,0.4609,0.983,-9.0596,1.1229,0.13060,0.99950,1.00000,3.7555,True,0.200,15,-3.3037,-5.7703,False,G04_quality
F07_k2_L10_T30,F07,1,1.0,T30,868,868,0,0.5682,-0.3018,-0.7368,-0.0506,-0.0658,0.983,0.960,0.4182,1.335,-3.8115,2.4076,0.64620,0.00010,0.00092,-8.1601,False,0.333,15,-1.2298,-2.7281,False,G04_quality
F07_k2_L10_TGT,F07,1,1.0,TGT,868,868,0,0.8669,-0.0031,-0.4381,-0.0332,-0.0484,1.000,0.983,0.3376,1.928,-4.5378,3.8041,0.84380,0.00010,0.00092,-13.6233,False,0.400,15,-0.8391,-2.5146,False,G04_quality
F07_k2_L20_T30,F07,1,2.0,T30,868,868,0,-0.9675,-1.8375,-2.2725,-0.0460,-0.0536,0.913,0.894,0.4804,0.967,-5.9084,1.5306,0.24360,0.00020,0.00166,-10.2911,False,0.333,15,-2.7673,-4.2865,False,G04_quality
F07_k2_L20_TGT,F07,1,2.0,TGT,868,868,0,0.8032,-0.0668,-0.5018,-0.0365,-0.0441,0.998,0.985,0.4758,1.086,-5.9538,4.7623,0.83560,0.00010,0.00092,-15.3018,False,0.400,15,-0.9029,-2.6429,False,G04_quality
F07_k2_S10_T30,F07,-1,1.0,T30,928,928,0,-1.0758,-1.9458,-2.3808,-0.0685,-0.0843,0.861,0.832,0.4170,1.164,-4.7062,0.0103,0.05020,0.00010,0.00092,-7.7280,False,0.333,15,-2.7002,-4.0160,False,G04_quality
F07_k2_S10_TGT,F07,-1,1.0,TGT,928,928,0,-2.6535,-3.5235,-3.9585,-0.1371,-0.1528,0.851,0.834,0.3265,1.721,-7.5028,-0.3668,0.02940,0.00010,0.00092,-11.5737,False,0.400,15,-4.2076,-5.9430,False,G04_quality
F07_k2_S20_T30,F07,-1,2.0,T30,928,928,0,-0.8105,-1.6805,-2.1155,-0.0264,-0.0343,0.886,0.859,0.4515,1.043,-4.9637,0.6948,0.13600,0.00010,0.00092,-8.4148,False,0.333,15,-1.6625,-3.8019,False,G04_quality
F07_k2_S20_TGT,F07,-1,2.0,TGT,928,928,0,-2.8353,-3.7053,-4.1403,-0.0874,-0.0953,0.880,0.867,0.4353,1.124,-8.7912,0.5170,0.08540,0.00010,0.00092,-13.2369,False,0.400,15,-3.6895,-6.1774,False,G04_quality
F07_k3_L10_T30,F07,1,1.0,T30,411,411,0,-4.0023,-4.8723,-5.3073,-0.1128,-0.1282,0.747,0.728,0.4015,1.085,-9.4043,-1.1926,0.01360,0.00840,0.05039,-12.2290,False,0.333,15,-5.7269,-6.7036,False,G04_quality
F07_k3_L10_TGT,F07,1,1.0,TGT,411,411,1,-4.1396,-5.0096,-5.4446,-0.0974,-0.1127,0.808,0.793,0.3066,1.794,-11.1660,0.4724,0.06900,0.00010,0.00092,-17.9131,False,0.400,15,-6.1568,-7.6530,False,G04_quality
F07_k3_L20_T30,F07,1,2.0,T30,411,411,0,-2.2029,-3.0729,-3.5079,-0.0638,-0.0715,0.847,0.828,0.4866,0.873,-8.3249,1.1503,0.14960,0.00010,0.00092,-16.1044,False,0.333,15,-4.0334,-5.1186,False,G04_quality
F07_k3_L20_TGT,F07,1,2.0,TGT,411,411,0,-3.0596,-3.9296,-4.3646,-0.0627,-0.0703,0.887,0.876,0.4355,1.135,-12.3878,3.8133,0.28580,0.00010,0.00092,-25.5806,False,0.400,15,-5.4389,-7.5378,False,G04_quality
F07_k3_S10_T30,F07,-1,1.0,T30,448,448,0,3.5183,2.6483,2.2133,0.0327,0.0159,1.228,1.187,0.4598,1.394,-1.6362,6.2060,0.26120,0.00010,0.00092,-11.0958,True,0.667,15,1.4432,0.1009,False,G04_quality
F07_k3_S10_TGT,F07,-1,1.0,TGT,448,448,0,1.2344,0.3644,-0.0706,-0.0656,-0.0824,1.018,0.997,0.3504,1.847,-5.2840,5.4381,0.96300,0.00010,0.00092,-17.4809,False,0.400,15,-0.9046,-2.5637,False,G04_quality
F07_k3_S20_T30,F07,-1,2.0,T30,448,448,0,3.1041,2.2341,1.7991,0.0076,-0.0009,1.177,1.140,0.4821,1.225,-2.7746,6.2414,0.42860,0.00010,0.00092,-12.1851,True,0.667,15,2.7474,-0.3171,False,G04_quality
F07_k3_S20_TGT,F07,-1,2.0,TGT,448,448,0,0.4536,-0.4164,-0.8514,-0.0624,-0.0708,0.983,0.966,0.4263,1.300,-7.4303,5.7578,0.79060,0.00010,0.00092,-24.5423,False,0.467,15,0.0909,-3.3682,False,G04_quality
F08_L10_CLOSE,F08,1,1.0,CLOSE,772,772,0,1.3360,0.4660,0.0310,-0.0124,-0.0250,1.017,1.001,0.3627,1.759,-6.3271,7.3553,0.96040,0.72573,1.00000,-0.4822,True,0.533,15,-2.2724,-4.8071,False,G04_quality
F08_L10_T120,F08,1,1.0,T120,772,772,0,-0.4536,-1.3236,-1.7586,-0.0689,-0.0815,0.945,0.928,0.4003,1.391,-6.8382,4.1126,0.50160,0.89901,1.00000,-0.0500,True,0.400,15,-3.5649,-5.5663,False,G04_quality
F08_L20_CLOSE,F08,1,2.0,CLOSE,772,772,0,1.9585,1.0885,0.6535,-0.0063,-0.0126,1.032,1.019,0.4728,1.136,-6.7057,8.6511,0.87840,0.92141,1.00000,-0.5435,True,0.533,15,-1.6491,-4.7182,False,G04_quality
F08_L20_T120,F08,1,2.0,T120,772,772,0,0.0911,-0.7789,-1.2139,-0.0326,-0.0389,0.971,0.956,0.4728,1.066,-6.9681,5.2568,0.68200,0.93351,1.00000,-0.0433,True,0.467,15,-3.0196,-5.2239,False,G04_quality
F08_S10_CLOSE,F08,-1,1.0,CLOSE,803,803,0,6.0932,5.2232,4.7882,0.1126,0.0988,1.187,1.169,0.3275,2.401,-1.6477,11.4498,0.15100,0.81552,1.00000,3.1681,False,0.600,15,3.6898,-0.3392,False,G04_quality
F08_S10_T120,F08,-1,1.0,T120,803,803,0,1.4874,0.6174,0.1824,0.0130,-0.0007,1.025,1.007,0.3699,1.716,-4.7099,5.2071,0.95080,0.96050,1.00000,2.0185,False,0.467,15,-0.3853,-3.1416,False,G04_quality
F08_S20_CLOSE,F08,-1,2.0,CLOSE,803,803,0,4.6283,3.7583,3.3233,0.0330,0.0262,1.107,1.094,0.4147,1.544,-3.9497,11.0034,0.37800,0.99730,1.00000,2.4061,False,0.667,15,2.2231,-1.9085,False,G04_quality
F08_S20_T120,F08,-1,2.0,T120,803,803,0,0.8039,-0.0661,-0.5011,-0.0074,-0.0143,0.998,0.983,0.4284,1.311,-6.0396,4.9778,0.84740,0.98810,1.00000,1.1488,True,0.533,15,-1.0696,-3.9603,False,G04_quality
F09_g0.3_L10_T120,F09,1,1.0,T120,392,392,0,-0.5803,-1.4503,-1.8853,0.0258,0.0069,0.942,0.926,0.2117,3.448,-9.2698,5.9039,0.61920,0.75502,1.00000,0.8065,True,0.333,15,-3.0779,-5.1520,False,G04_quality
F09_g0.3_L10_TGT,F09,1,1.0,TGT,392,392,0,-1.4003,-2.2703,-2.7053,-0.0069,-0.0258,0.910,0.894,0.2117,3.328,-9.4903,4.5651,0.44120,0.33057,0.84292,-3.5236,False,0.467,15,-3.7351,-5.5676,False,G04_quality
F09_g0.3_L20_T120,F09,1,2.0,T120,392,392,0,1.9170,1.0470,0.6120,0.0031,-0.0063,1.028,1.016,0.3597,1.809,-9.1838,10.7481,0.92660,0.50425,1.00000,0.6300,False,0.333,15,-0.7437,-2.9715,False,G04_quality
F09_g0.3_L20_TGT,F09,1,2.0,TGT,392,392,0,3.6416,2.7716,2.3366,0.0229,0.0135,1.075,1.063,0.3648,1.851,-7.3130,12.4967,0.65220,0.01580,0.08617,-3.9324,True,0.467,15,0.7449,-1.3114,False,G04_quality
F09_g0.3_S10_T120,F09,-1,1.0,T120,536,536,0,4.6761,3.8061,3.3711,0.1391,0.1127,1.197,1.171,0.1922,4.923,-3.0391,10.0111,0.31120,0.20628,0.67874,3.1871,False,0.600,15,1.9621,-0.7671,False,G04_quality
F09_g0.3_S10_TGT,F09,-1,1.0,TGT,536,536,0,3.1484,2.2784,1.8434,0.0777,0.0513,1.119,1.094,0.1922,4.600,-3.7194,7.8618,0.54900,0.00810,0.05039,-0.8394,True,0.400,15,0.7119,-1.8751,False,G04_quality
F09_g0.3_S20_T120,F09,-1,2.0,T120,536,536,0,3.7087,2.8387,2.4037,0.0765,0.0634,1.094,1.079,0.3284,2.208,-5.2072,10.4648,0.54320,0.27777,0.76627,4.2095,False,0.600,15,0.9929,-1.7436,False,G04_quality
F09_g0.3_S20_TGT,F09,-1,2.0,TGT,536,536,0,4.6364,3.7664,3.3314,0.0797,0.0665,1.125,1.109,0.3265,2.288,-3.9833,10.7270,0.38320,0.00010,0.00092,-0.7600,True,0.533,15,2.2027,-0.4065,False,G04_quality
F09_g0.5_L10_T120,F09,1,1.0,T120,262,262,0,4.5538,3.6838,3.2488,0.2131,0.1950,1.148,1.129,0.2481,3.421,-6.2139,13.4699,0.52880,0.27197,0.75899,2.2438,False,0.600,15,1.7260,0.1944,False,G04_quality
F09_g0.5_L10_TGT,F09,1,1.0,TGT,262,262,0,2.2687,1.3987,0.9637,0.1352,0.1171,1.054,1.037,0.2252,3.568,-8.6238,10.9774,0.87660,0.23838,0.69834,-1.7980,True,0.533,15,-0.5649,-2.0775,False,G04_quality
F09_g0.5_L20_T120,F09,1,2.0,T120,262,262,0,9.0675,8.1975,7.7625,0.0896,0.0805,1.228,1.215,0.3931,1.875,-4.6755,21.0078,0.22880,0.06299,0.27997,3.2897,True,0.667,15,5.7589,4.2399,False,G04_quality
F09_g0.5_L20_TGT,F09,1,2.0,TGT,262,262,0,10.1561,9.2861,8.8511,0.1015,0.0924,1.253,1.239,0.3740,2.074,-4.0279,22.3065,0.19740,0.00230,0.01725,-2.2368,True,0.533,15,6.4915,4.9725,False,G04_quality
F09_g0.5_S10_T120,F09,-1,1.0,T120,323,323,0,12.4924,11.6224,11.1874,0.4662,0.4406,1.620,1.586,0.2291,5.337,2.1938,21.3429,0.01320,0.02590,0.13512,6.7038,False,0.667,15,8.8706,6.2959,False,G04_quality
F09_g0.5_S10_TGT,F09,-1,1.0,TGT,323,323,0,9.3521,8.4821,8.0471,0.3243,0.2987,1.436,1.407,0.2043,5.478,-0.5255,17.1668,0.06680,0.00150,0.01161,2.3046,True,0.800,15,6.1863,3.8355,False,G04_quality
F09_g0.5_S20_T120,F09,-1,2.0,T120,323,323,0,12.1131,11.2431,10.8081,0.2391,0.2263,1.390,1.372,0.3622,2.415,0.0902,22.2150,0.04880,0.05249,0.24228,9.7507,False,0.800,15,8.4901,5.9131,False,G04_quality
F09_g0.5_S20_TGT,F09,-1,2.0,TGT,323,323,0,11.3536,10.4836,10.0486,0.1857,0.1729,1.345,1.327,0.3251,2.755,-0.4630,21.1404,0.06260,0.00010,0.00092,3.8291,True,0.733,15,8.1941,5.8558,False,G04_quality
F10_g0.3_L10_T120,F10,1,1.0,T120,536,536,0,2.4061,1.5361,1.1011,0.1660,0.1396,1.080,1.056,0.2052,4.090,-3.8238,6.4493,0.67420,0.20928,0.67874,1.0282,False,0.533,15,0.4827,-1.6135,False,G04_quality
F10_g0.3_L10_T30,F10,1,1.0,T30,536,536,0,2.8522,1.9822,1.5472,0.1619,0.1356,1.115,1.088,0.2948,2.604,-2.6786,5.9114,0.47180,0.03950,0.19690,0.2975,True,0.400,15,0.9988,-0.6562,False,G04_quality
F10_g0.3_L20_T120,F10,1,2.0,T120,536,536,0,0.3673,-0.5027,-0.9377,0.0590,0.0458,0.984,0.970,0.3377,1.902,-7.3880,5.7434,0.77860,0.61984,1.00000,1.1140,True,0.333,15,-1.5599,-3.6715,False,G04_quality
F10_g0.3_L20_T30,F10,1,2.0,T30,536,536,0,2.0963,1.2263,0.7913,0.0718,0.0586,1.052,1.033,0.4496,1.265,-4.1956,6.0796,0.76200,0.10479,0.38692,-0.4300,True,0.467,15,0.2415,-1.4192,False,G04_quality
F10_g0.3_S10_T120,F10,-1,1.0,T120,392,392,0,-0.2788,-1.1488,-1.5838,0.0840,0.0651,0.954,0.938,0.1990,3.776,-8.6331,5.9922,0.67880,0.42646,0.96556,0.1388,True,0.467,15,-2.5379,-4.1188,False,G04_quality
F10_g0.3_S10_T30,F10,-1,1.0,T30,392,392,0,-1.6997,-2.5697,-3.0047,-0.0252,-0.0441,0.886,0.869,0.2832,2.199,-8.4461,2.4932,0.27780,0.68023,1.00000,-0.8046,True,0.533,15,-3.5678,-4.6257,False,G04_quality
F10_g0.3_S20_T120,F10,-1,2.0,T120,392,392,0,-1.5652,-2.4352,-2.8702,0.0365,0.0271,0.938,0.928,0.3367,1.827,-12.2410,6.9080,0.54540,0.53185,1.00000,-0.9360,True,0.467,15,-3.8276,-5.4504,False,G04_quality
F10_g0.3_S20_T30,F10,-1,2.0,T30,392,392,0,-1.4431,-2.3131,-2.7481,-0.0218,-0.0313,0.922,0.909,0.4158,1.276,-9.9558,4.6806,0.45720,0.60024,1.00000,-1.6044,False,0.467,15,-1.8712,-4.4791,False,G04_quality
F10_g0.5_L10_T120,F10,1,1.0,T120,323,323,0,-1.1242,-1.9942,-2.4292,0.0384,0.0128,0.899,0.879,0.2012,3.490,-8.1409,3.7495,0.41820,0.46415,1.00000,-1.8543,False,0.400,15,-3.4676,-4.7710,False,G04_quality
F10_g0.5_L10_T30,F10,1,1.0,T30,323,323,0,0.8721,0.0021,-0.4329,0.0851,0.0595,1.000,0.976,0.2941,2.342,-5.5161,5.0395,0.85500,0.15408,0.54383,-2.0308,False,0.467,15,-1.3502,-2.4724,False,G04_quality
F10_g0.5_L20_T120,F10,1,2.0,T120,323,323,0,-3.1848,-4.0548,-4.4898,-0.0340,-0.0468,0.870,0.858,0.3375,1.684,-12.2414,3.6949,0.27380,0.61534,1.00000,-2.9495,False,0.267,15,-5.5346,-6.8509,False,G04_quality
F10_g0.5_L20_T30,F10,1,2.0,T30,323,323,0,-1.6800,-2.5500,-2.9850,0.0013,-0.0115,0.895,0.879,0.4365,1.134,-9.3345,3.2734,0.34720,0.38196,0.90763,-3.7730,False,0.333,15,-3.9103,-5.0484,False,G04_quality
F10_g0.5_S10_T120,F10,-1,1.0,T120,262,262,0,0.6014,-0.2686,-0.7036,0.0734,0.0553,0.990,0.973,0.1985,3.930,-9.9275,9.0532,0.88660,0.35186,0.86171,0.5735,True,0.467,15,-2.1294,-3.4086,False,G04_quality
F10_g0.5_S10_T30,F10,-1,1.0,T30,262,262,0,-0.3372,-1.2072,-1.6422,0.0144,-0.0037,0.948,0.930,0.2863,2.318,-8.4371,5.5133,0.64580,0.43596,0.96879,-0.3860,True,0.400,15,-2.3964,-3.0929,False,G04_quality
F10_g0.5_S20_T120,F10,-1,2.0,T120,262,262,0,-2.1645,-3.0345,-3.4695,-0.0022,-0.0112,0.926,0.916,0.3282,1.875,-15.6405,9.2667,0.58300,0.53385,1.00000,-0.6724,True,0.333,15,-4.9060,-6.1958,False,G04_quality
F10_g0.5_S20_T30,F10,-1,2.0,T30,262,262,0,-1.0977,-1.9677,-2.4027,-0.0200,-0.0291,0.936,0.923,0.4084,1.337,-11.5106,7.0448,0.60880,0.48425,1.00000,-1.5171,False,0.333,15,-1.0877,-4.1439,False,G04_quality
F11_c0.00_L10_T120,F11,1,1.0,T120,930,930,0,1.4506,0.5806,0.1456,0.0769,0.0578,1.026,1.006,0.2882,2.486,-3.7785,4.3758,0.95280,0.74273,1.00000,-1.5464,True,0.533,15,-0.3437,-2.8015,False,G04_quality
F11_c0.00_L10_T30,F11,1,1.0,T30,930,930,0,-0.0024,-0.8724,-1.3074,-0.0219,-0.0410,0.951,0.927,0.3935,1.429,-4.5260,2.1592,0.43100,0.72373,1.00000,-1.7037,False,0.400,15,-2.1874,-3.5661,False,G04_quality
F11_c0.00_L20_T120,F11,1,2.0,T120,930,930,0,3.2680,2.3980,1.9630,0.0734,0.0638,1.081,1.066,0.4634,1.234,-3.1024,7.0597,0.45520,0.52705,1.00000,-2.0559,True,0.667,15,1.4757,-0.9760,False,G04_quality
F11_c0.00_L20_T30,F11,1,2.0,T30,930,930,0,1.3829,0.5129,0.0779,-0.0035,-0.0131,1.026,1.004,0.5075,0.974,-3.5817,3.9397,0.96780,0.33127,0.84292,-1.6038,True,0.467,15,-0.8005,-2.2378,False,G04_quality
F11_c0.00_S10_T120,F11,-1,1.0,T120,876,876,0,-0.0229,-0.8929,-1.3279,-0.0142,-0.0331,0.963,0.946,0.2260,3.239,-5.8256,3.4772,0.57280,0.59454,1.00000,-0.4967,True,0.467,15,-1.7633,-4.3036,False,G04_quality
F11_c0.00_S10_T30,F11,-1,1.0,T30,876,876,0,-0.1941,-1.0641,-1.4991,-0.0245,-0.0434,0.945,0.924,0.3333,1.848,-4.7978,2.0712,0.39400,0.63084,1.00000,-0.1738,True,0.267,15,-1.8859,-3.7972,False,G04_quality
F11_c0.00_S20_T120,F11,-1,2.0,T120,876,876,0,-0.2292,-1.0992,-1.5342,0.0217,0.0123,0.969,0.957,0.3767,1.583,-7.5732,4.5828,0.62960,0.60754,1.00000,-1.4559,False,0.333,15,-1.9779,-4.7391,False,G04_quality
F11_c0.00_S20_T30,F11,-1,2.0,T30,876,876,0,-1.4482,-2.3182,-2.7532,-0.0162,-0.0257,0.906,0.889,0.4395,1.134,-6.9135,1.4920,0.19920,0.89961,1.00000,-0.3243,True,0.333,15,-3.1414,-5.1182,False,G04_quality
F11_c0.25_L10_T120,F11,1,1.0,T120,918,918,0,3.0698,2.1998,1.7648,0.1353,0.1168,1.101,1.080,0.3192,2.304,-2.2126,5.7980,0.38880,0.42136,0.96310,-1.3794,True,0.600,15,1.3243,-0.9966,False,G04_quality
F11_c0.25_L10_T30,F11,1,1.0,T30,918,918,0,1.9197,1.0497,0.6147,0.0329,0.0144,1.064,1.037,0.4314,1.367,-2.2967,3.7392,0.70380,0.24378,0.70489,-1.0574,True,0.600,15,-0.0756,-1.4334,False,G04_quality
F11_c0.25_L20_T120,F11,1,2.0,T120,918,918,0,3.5745,2.7045,2.2695,0.0892,0.0799,1.092,1.077,0.4728,1.201,-2.6714,7.3006,0.38480,0.52375,1.00000,-1.5408,True,0.600,15,1.8296,-0.5199,False,G04_quality
F11_c0.25_L20_T30,F11,1,2.0,T30,918,918,0,2.1467,1.2767,0.8417,0.0219,0.0126,1.067,1.044,0.5349,0.908,-2.6413,4.5262,0.65060,0.23618,0.69834,-1.0281,True,0.667,15,0.1516,-1.2041,False,G04_quality
F11_c0.25_S10_T120,F11,-1,1.0,T120,846,846,0,-0.4811,-1.3511,-1.7861,-0.0254,-0.0440,0.945,0.928,0.2293,3.119,-6.4309,2.9348,0.44820,0.82832,1.00000,0.4900,True,0.267,15,-2.2376,-4.8707,False,G04_quality
F11_c0.25_S10_T30,F11,-1,1.0,T30,846,846,0,-0.1139,-0.9839,-1.4189,0.0014,-0.0172,0.949,0.927,0.3463,1.750,-4.8674,2.0897,0.42120,0.76522,1.00000,0.3191,True,0.400,15,-1.8194,-3.7181,False,G04_quality
F11_c0.25_S20_T120,F11,-1,2.0,T120,846,846,0,0.3914,-0.4786,-0.9136,0.0439,0.0346,0.986,0.974,0.3818,1.577,-6.8806,5.3968,0.78020,0.73583,1.00000,0.2467,True,0.400,15,-1.3640,-4.1996,False,G04_quality
F11_c0.25_S20_T30,F11,-1,2.0,T30,846,846,0,-1.2729,-2.1429,-2.5779,-0.0039,-0.0132,0.911,0.894,0.4515,1.086,-6.7570,1.6517,0.22560,0.95000,1.00000,0.3111,True,0.400,15,-2.9797,-4.8881,False,G04_quality
F12_c0.00_L10_T120,F12,1,1.0,T120,820,820,0,1.9679,1.0979,0.6629,0.1730,0.1510,1.054,1.032,0.2610,2.922,-3.2678,4.7310,0.76000,0.88381,1.00000,0.4513,False,0.533,15,0.2269,-1.9129,False,G04_quality
F12_c0.00_L10_T30,F12,1,1.0,T30,820,820,0,1.5631,0.6931,0.2581,0.0952,0.0732,1.043,1.016,0.3561,1.837,-2.6542,3.2658,0.87940,0.50095,1.00000,-0.2495,True,0.533,15,-0.0221,-1.4695,False,G04_quality
F12_c0.00_L20_T120,F12,1,2.0,T120,820,820,0,1.6054,0.7354,0.3004,0.0942,0.0832,1.025,1.010,0.4037,1.492,-4.6977,5.4711,0.91660,0.96470,1.00000,0.9727,False,0.467,15,-0.1359,-2.2915,False,G04_quality
F12_c0.00_L20_T30,F12,1,2.0,T30,820,820,0,0.0688,-0.8012,-1.2362,0.0358,0.0248,0.963,0.944,0.4683,1.072,-4.8738,2.5583,0.52760,0.89571,1.00000,-0.0739,True,0.400,15,-1.5884,-3.1530,False,G04_quality
F12_c0.00_S10_T120,F12,-1,1.0,T120,712,712,0,-1.9084,-2.7784,-3.2134,-0.0014,-0.0211,0.887,0.871,0.1994,3.498,-8.2709,2.0518,0.22460,0.96670,1.00000,0.7974,True,0.267,15,-3.9787,-6.9394,False,G04_quality
F12_c0.00_S10_T30,F12,-1,1.0,T30,712,712,0,-0.9419,-1.8119,-2.2469,-0.0046,-0.0244,0.909,0.889,0.2992,2.082,-6.1255,1.7170,0.26240,0.92051,1.00000,0.5556,True,0.333,15,-3.0108,-4.9505,False,G04_quality
F12_c0.00_S20_T120,F12,-1,2.0,T120,712,712,0,0.1516,-0.7184,-1.1534,0.0706,0.0607,0.980,0.969,0.3483,1.812,-8.0034,6.1267,0.73340,0.81452,1.00000,1.2316,True,0.467,15,-1.9159,-5.1852,False,G04_quality
F12_c0.00_S20_T30,F12,-1,2.0,T30,712,712,0,-2.2056,-3.0756,-3.5106,-0.0010,-0.0108,0.884,0.869,0.4073,1.264,-8.3349,1.5294,0.16520,0.98780,1.00000,0.6433,True,0.467,15,-4.2763,-6.2825,False,G04_quality
F12_c0.25_L10_T120,F12,1,1.0,T120,775,775,0,2.9827,2.1127,1.6777,0.2114,0.1895,1.103,1.080,0.2735,2.869,-2.4933,6.0298,0.43080,0.79062,1.00000,0.9810,False,0.533,15,1.2252,-0.7365,False,G04_quality
F12_c0.25_L10_T30,F12,1,1.0,T30,775,775,0,1.8348,0.9648,0.5298,0.1196,0.0977,1.059,1.032,0.3652,1.794,-2.5448,3.6819,0.73140,0.48735,1.00000,0.2366,True,0.467,15,0.2273,-1.2272,False,G04_quality
F12_c0.25_L20_T120,F12,1,2.0,T120,775,775,0,1.4443,0.5743,0.1393,0.0993,0.0883,1.019,1.005,0.4103,1.444,-5.0831,5.5285,0.95640,0.97770,1.00000,1.5486,False,0.533,15,-0.3152,-2.2889,False,G04_quality
F12_c0.25_L20_T30,F12,1,2.0,T30,775,775,0,0.5305,-0.3395,-0.7745,0.0424,0.0315,0.984,0.964,0.4697,1.088,-4.5488,3.0203,0.68580,0.85231,1.00000,0.5010,True,0.533,15,-1.0787,-2.5434,False,G04_quality
F12_c0.25_S10_T120,F12,-1,1.0,T120,668,668,0,0.3776,-0.4924,-0.9274,0.0841,0.0646,0.980,0.962,0.2216,3.381,-6.2218,4.8214,0.72980,0.86121,1.00000,2.3563,True,0.467,15,-1.7398,-4.2903,False,G04_quality
F12_c0.25_S10_T30,F12,-1,1.0,T30,668,668,0,0.4417,-0.4283,-0.8633,0.0496,0.0300,0.978,0.955,0.3189,2.041,-4.7389,3.3521,0.67620,0.76712,1.00000,1.5821,True,0.333,15,-1.6756,-3.3287,False,G04_quality
F12_c0.25_S20_T120,F12,-1,2.0,T120,668,668,0,3.3131,2.4431,2.0081,0.1160,0.1062,1.070,1.057,0.3698,1.801,-5.3475,9.4838,0.60980,0.53365,1.00000,2.9819,False,0.600,15,1.2001,-1.6812,False,G04_quality
F12_c0.25_S20_T30,F12,-1,2.0,T30,668,668,0,-0.0142,-0.8842,-1.3192,0.0346,0.0248,0.965,0.948,0.4281,1.266,-6.4019,3.9464,0.62540,0.89331,1.00000,1.9542,True,0.400,15,-2.1322,-3.8481,False,G04_quality
F13_L10_T120,F13,1,1.0,T120,4,4,0,0.8125,-0.0575,-0.4925,-0.0307,-0.0475,0.976,0.814,0.5000,0.814,-5.3050,4.3200,0.62360,0.59384,1.00000,0.4090,True,nan,0,1.3617,-2.1383,False,G01_events
F13_L10_T30,F13,1,1.0,T30,4,4,0,0.8125,-0.0575,-0.4925,-0.0307,-0.0475,0.976,0.814,0.5000,0.814,-5.3050,4.3200,0.61820,0.55744,1.00000,0.0220,True,nan,0,1.3617,-2.1383,False,G01_events
F13_L20_T120,F13,1,2.0,T120,4,4,0,0.8125,-0.0575,-0.4925,-0.0154,-0.0238,0.976,0.814,0.5000,0.814,-5.3050,4.3200,0.61700,0.87021,1.00000,13.5872,True,nan,0,1.3617,-2.1383,False,G01_events
F13_L20_T30,F13,1,2.0,T30,4,4,0,0.8125,-0.0575,-0.4925,-0.0154,-0.0238,0.976,0.814,0.5000,0.814,-5.3050,4.3200,0.61860,0.65733,1.00000,2.5686,True,nan,0,1.3617,-2.1383,False,G01_events
F13_S10_T120,F13,-1,1.0,T120,4,4,0,-2.1250,-2.9950,-3.4300,-0.1549,-0.1755,0.220,0.177,0.2500,0.530,-7.1800,0.4450,0.14120,0.68113,1.00000,5.4126,True,nan,0,-5.5550,-5.5550,False,G01_events
F13_S10_T30,F13,-1,1.0,T30,4,4,0,-2.1250,-2.9950,-3.4300,-0.1549,-0.1755,0.220,0.177,0.2500,0.530,-7.1800,0.4450,0.14700,0.66683,1.00000,2.3268,True,nan,0,-5.5550,-5.5550,False,G01_events
F13_S20_T120,F13,-1,2.0,T120,4,4,0,-2.1250,-2.9950,-3.4300,-0.0774,-0.0877,0.220,0.177,0.2500,0.530,-7.1800,0.4450,0.13720,0.91141,1.00000,10.7660,True,nan,0,-5.5550,-5.5550,False,G01_events
F13_S20_T30,F13,-1,2.0,T30,4,4,0,-2.1250,-2.9950,-3.4300,-0.0774,-0.0877,0.220,0.177,0.2500,0.530,-7.1800,0.4450,0.14480,0.71673,1.00000,2.6483,True,nan,0,-5.5550,-5.5550,False,G01_events
F14_L10_T120,F14,1,1.0,T120,1078,1078,0,1.3732,0.5032,0.0682,0.0365,0.0227,1.021,1.003,0.4063,1.465,-3.8043,4.1319,0.97700,1.00000,1.00000,4.7200,False,0.533,15,-0.6300,-2.7458,False,G04_quality
F14_L10_T30,F14,1,1.0,T30,1078,1078,0,0.6239,-0.2461,-0.6811,-0.0038,-0.0176,0.984,0.957,0.4814,1.031,-3.3539,1.9705,0.59660,0.99760,1.00000,2.3019,True,0.400,15,-1.1286,-2.6814,False,G04_quality
F14_L20_T120,F14,1,2.0,T120,1078,1078,0,3.9370,3.0670,2.6320,0.0569,0.0500,1.113,1.097,0.5278,0.981,-2.0103,7.3847,0.26760,1.00000,1.00000,6.1691,False,0.467,15,1.9362,-0.4059,False,G04_quality
F14_L20_T30,F14,1,2.0,T30,1078,1078,0,0.1020,-0.7680,-1.2030,-0.0031,-0.0100,0.955,0.930,0.5195,0.860,-4.2687,1.8515,0.44760,0.99980,1.00000,2.6429,True,0.267,15,-0.7157,-3.2245,False,G04_quality
F14_S10_T120,F14,-1,1.0,T120,1009,1009,0,2.2247,1.3547,0.9197,0.0269,0.0134,1.051,1.035,0.3290,2.110,-3.7869,5.9412,0.72600,0.99880,1.00000,5.9798,False,0.467,15,0.0593,-3.2480,False,G04_quality
F14_S10_T30,F14,-1,1.0,T30,1009,1009,0,1.5782,0.7082,0.2732,0.0243,0.0108,1.037,1.014,0.4252,1.371,-2.9572,3.6375,0.87940,0.95910,1.00000,3.8925,False,0.400,15,-0.0955,-2.1076,False,G04_quality
F14_S20_T120,F14,-1,2.0,T120,1009,1009,0,2.4757,1.6057,1.1707,0.0295,0.0228,1.048,1.035,0.4470,1.280,-4.7833,7.1759,0.70060,0.99980,1.00000,6.9727,False,0.400,15,0.3105,-3.4432,False,G04_quality
F14_S20_T30,F14,-1,2.0,T30,1009,1009,0,1.2884,0.4184,-0.0166,0.0099,0.0032,1.020,0.999,0.4718,1.119,-3.4897,3.6061,0.98460,0.98690,1.00000,4.2041,True,0.467,15,-0.3856,-2.4003,False,G04_quality
F15_ON2CLOSE_L20,F15,1,2.0,CLOSE,1824,1824,0,5.7287,4.8587,3.9887,0.0586,0.0408,1.106,1.086,0.3026,2.503,-2.4617,10.5039,0.23700,0.23700,0.69834,nan,True,0.800,15,3.4326,-2.4084,False,G04_quality
F15_ON2CLOSE_L30,F15,1,3.0,CLOSE,1824,1824,0,9.1536,8.2836,7.4136,0.0638,0.0520,1.149,1.132,0.3958,1.727,-0.3394,15.3851,0.06020,0.06020,0.27260,nan,True,0.733,15,6.3067,-0.0034,False,G04_quality
F15_ON2CLOSE_S20,F15,-1,2.0,CLOSE,1824,1824,0,-3.8287,-4.6987,-5.5687,-0.0965,-0.1143,0.903,0.886,0.2341,2.899,-11.9646,0.9618,0.09220,0.09220,0.34684,nan,True,0.200,15,-6.3356,-12.4213,False,G04_quality
F15_ON2CLOSE_S30,F15,-1,3.0,CLOSE,1824,1824,0,-6.0847,-6.9547,-7.8247,-0.0762,-0.0881,0.885,0.872,0.3059,1.979,-15.0312,-0.2824,0.04020,0.04020,0.19690,nan,True,0.133,15,-8.5929,-14.8602,False,G04_quality
F15_ON2OPEN_L20,F15,1,2.0,OPEN,1824,1824,0,3.4642,2.5942,1.7242,0.0266,0.0088,1.070,1.046,0.4167,1.465,-3.0160,6.5867,0.48320,0.48320,1.00000,nan,True,0.667,15,1.3371,-3.2825,False,G04_quality
F15_ON2OPEN_L30,F15,1,3.0,OPEN,1824,1824,0,4.9506,4.0806,3.2106,0.0332,0.0214,1.101,1.078,0.4918,1.115,-2.1975,8.6414,0.23860,0.23860,0.69834,nan,True,0.800,15,2.8243,-1.8945,False,G04_quality
F15_ON2OPEN_S20,F15,-1,2.0,OPEN,1824,1824,0,-2.6236,-3.4936,-4.3636,-0.0627,-0.0805,0.910,0.890,0.3470,1.674,-9.0490,0.4342,0.07640,0.07640,0.32168,nan,True,0.333,15,-4.8828,-9.3244,False,G04_quality
F15_ON2OPEN_S30,F15,-1,3.0,OPEN,1824,1824,0,-4.4593,-5.3293,-6.1993,-0.0524,-0.0642,0.878,0.860,0.4035,1.271,-11.5491,-0.8233,0.02480,0.02480,0.13227,nan,True,0.267,15,-6.7196,-11.1784,False,G04_quality
F15_OPEN2CLOSE_L20,F15,1,2.0,CLOSE,1833,1833,0,5.1473,4.2773,3.8423,0.0908,0.0791,1.120,1.106,0.2771,2.886,-1.4480,9.2093,0.15020,0.15020,0.53803,nan,True,0.600,15,2.7282,-1.8682,False,G04_quality
F15_OPEN2CLOSE_L30,F15,1,3.0,CLOSE,1833,1833,0,7.2849,6.4149,5.9799,0.0785,0.0706,1.146,1.135,0.3682,1.947,0.1905,12.0687,0.04200,0.04200,0.20160,nan,True,0.667,15,4.8670,0.1458,False,G04_quality
F15_OPEN2CLOSE_S20,F15,-1,2.0,CLOSE,1833,1833,0,2.8176,1.9476,1.5126,0.0839,0.0722,1.052,1.040,0.2466,3.177,-4.0111,6.9534,0.59260,0.59260,1.00000,nan,True,0.333,15,0.9279,-4.3859,False,G04_quality
F15_OPEN2CLOSE_S30,F15,-1,3.0,CLOSE,1833,1833,0,-0.1051,-0.9751,-1.4101,0.0181,0.0103,0.980,0.971,0.3186,2.077,-7.6647,4.8976,0.67120,0.67120,1.00000,nan,True,0.467,15,-1.9964,-7.7046,False,G04_quality
F16_p0.5_L10_T120,F16,1,1.0,T120,684,684,0,0.1916,-0.6784,-1.1134,0.1034,0.0804,0.969,0.950,0.1959,3.897,-5.6114,3.6831,0.63700,0.51825,1.00000,-0.5744,False,0.533,15,-1.6271,-3.5140,False,G04_quality
F16_p0.5_L10_T30,F16,1,1.0,T30,684,684,0,0.5001,-0.3699,-0.8049,0.0631,0.0400,0.981,0.959,0.2807,2.456,-4.5581,3.1308,0.68500,0.35566,0.86199,-1.4172,False,0.533,15,-1.1549,-2.7035,False,G04_quality
F16_p0.5_L20_T120,F16,1,2.0,T120,684,684,0,0.7268,-0.1432,-0.5782,0.0823,0.0708,0.996,0.983,0.3363,1.940,-6.7807,5.8840,0.85140,0.43356,0.96879,-1.0097,False,0.467,15,-1.2433,-3.3620,False,G04_quality
F16_p0.5_L20_T30,F16,1,2.0,T30,684,684,0,2.2730,1.4030,0.9680,0.0686,0.0571,1.056,1.039,0.4547,1.246,-3.8493,5.7993,0.70340,0.09249,0.34684,-1.8147,True,0.533,15,0.5690,-1.1369,False,G04_quality
F16_p0.5_S10_T120,F16,-1,1.0,T120,708,708,0,3.8956,3.0256,2.5906,0.2276,0.2045,1.141,1.119,0.1893,4.793,-3.0917,8.4279,0.38620,0.22398,0.69834,2.4622,False,0.533,15,1.8623,-1.3884,False,G04_quality
F16_p0.5_S10_T30,F16,-1,1.0,T30,708,708,0,0.1037,-0.7663,-1.2013,0.0495,0.0264,0.959,0.937,0.2712,2.519,-4.9579,2.7339,0.54760,0.59834,1.00000,0.8597,True,0.400,15,-1.6301,-3.5059,False,G04_quality
F16_p0.5_S20_T120,F16,-1,2.0,T120,708,708,0,3.5326,2.6626,2.2276,0.1145,0.1029,1.078,1.065,0.3192,2.271,-4.9041,9.6874,0.56700,0.35916,0.86199,2.8354,False,0.467,15,1.4989,-1.8997,False,G04_quality
F16_p0.5_S20_T30,F16,-1,2.0,T30,708,708,0,0.1945,-0.6755,-1.1105,0.0251,0.0136,0.974,0.958,0.3983,1.446,-6.0517,3.8536,0.65840,0.61274,1.00000,0.9011,True,0.467,15,-0.6232,-3.6072,False,G04_quality
F16_p1.0_L10_T120,F16,1,1.0,T120,504,504,0,-0.8766,-1.7466,-2.1816,0.0935,0.0709,0.922,0.904,0.1925,3.793,-7.3324,3.4590,0.41740,0.74883,1.00000,-0.3609,True,0.400,15,-2.8812,-4.9349,False,G04_quality
F16_p1.0_L10_T30,F16,1,1.0,T30,504,504,0,-0.4183,-1.2883,-1.7233,0.0743,0.0518,0.935,0.914,0.2778,2.378,-6.1481,2.8451,0.43860,0.64364,1.00000,-1.6825,False,0.467,15,-2.2003,-3.8998,False,G04_quality
F16_p1.0_L20_T120,F16,1,2.0,T120,504,504,0,-0.0548,-0.9248,-1.3598,0.0889,0.0776,0.973,0.961,0.3373,1.887,-8.5252,6.3094,0.69520,0.66313,1.00000,-0.5100,True,0.467,15,-2.2645,-4.6289,False,G04_quality
F16_p1.0_L20_T30,F16,1,2.0,T30,504,504,0,2.0680,1.1980,0.7630,0.0782,0.0670,1.047,1.030,0.4563,1.226,-4.9818,6.6694,0.79380,0.18598,0.63712,-2.0551,True,0.600,15,0.2208,-1.6903,False,G04_quality
F16_p1.0_S10_T120,F16,-1,1.0,T120,521,521,0,4.1362,3.2662,2.8312,0.2404,0.2183,1.147,1.125,0.1843,4.981,-4.0000,10.0457,0.43340,0.26097,0.73687,2.7646,False,0.600,15,1.8415,-1.2179,False,G04_quality
F16_p1.0_S10_T30,F16,-1,1.0,T30,521,521,0,-0.3500,-1.2200,-1.6550,0.0414,0.0193,0.937,0.917,0.2706,2.470,-6.0095,2.9121,0.45100,0.65153,1.00000,0.8061,True,0.400,15,-2.2389,-4.0048,False,G04_quality
F16_p1.0_S20_T120,F16,-1,2.0,T120,521,521,0,4.8316,3.9616,3.5266,0.1443,0.1332,1.113,1.100,0.3244,2.291,-5.4394,12.7456,0.46580,0.23228,0.69834,2.9122,False,0.533,15,2.5383,-0.6901,False,G04_quality
F16_p1.0_S20_T30,F16,-1,2.0,T30,521,521,0,1.1732,0.3032,-0.1318,0.0492,0.0382,1.012,0.995,0.4088,1.439,-5.9723,5.9246,0.96360,0.38616,0.90862,0.6387,True,0.467,15,-0.7127,-2.6577,False,G04_quality
F17_c0.00_L10_T120,F17,1,1.0,T120,622,622,0,-3.8651,-4.7351,-5.1701,-0.0599,-0.0765,0.780,0.763,0.3617,1.347,-9.2202,-1.1265,0.01200,1.00000,1.00000,3.9666,True,0.333,15,-4.6984,-7.1777,False,G04_quality
F17_c0.00_L10_T30,F17,1,1.0,T30,622,622,0,0.1477,-0.7223,-1.1573,0.0021,-0.0146,0.939,0.904,0.4775,0.989,-3.8018,1.5009,0.40500,1.00000,1.00000,3.5336,True,0.467,15,-0.7323,-2.6250,False,G04_quality
F17_c0.00_L20_T120,F17,1,2.0,T120,622,622,0,-0.6168,-1.4868,-1.9218,-0.0023,-0.0106,0.937,0.920,0.4662,1.053,-7.0758,3.1208,0.45080,1.00000,1.00000,4.7638,True,0.400,15,-2.4108,-4.3974,False,G04_quality
F17_c0.00_L20_T30,F17,1,2.0,T30,622,622,0,0.8654,-0.0046,-0.4396,0.0100,0.0016,1.000,0.963,0.4984,0.969,-3.2769,2.4786,0.75380,0.99990,1.00000,3.6367,True,0.400,15,-0.0135,-1.9893,False,G04_quality
F17_c0.00_S10_T120,F17,-1,1.0,T120,419,419,0,4.3630,3.4930,3.0580,0.0833,0.0704,1.136,1.118,0.3532,2.047,-4.2375,10.7360,0.43520,1.00000,1.00000,9.0950,False,0.400,15,1.9075,-0.7217,False,G04_quality
F17_c0.00_S10_T30,F17,-1,1.0,T30,419,419,0,1.6239,0.7539,0.3189,0.0262,0.0132,1.046,1.019,0.4391,1.302,-3.9805,4.9007,0.90100,1.00000,1.00000,6.2897,False,0.533,15,-0.3201,-1.8443,False,G04_quality
F17_c0.00_S20_T120,F17,-1,2.0,T120,419,419,0,3.3124,2.4424,2.0074,0.0339,0.0274,1.077,1.062,0.4368,1.370,-7.0541,11.1601,0.67260,1.00000,1.00000,8.2949,False,0.667,15,0.3813,-2.6360,False,G04_quality
F17_c0.00_S20_T30,F17,-1,2.0,T30,419,419,0,1.5131,0.6431,0.2081,0.0188,0.0123,1.038,1.012,0.4606,1.185,-4.6177,5.1633,0.93380,0.99990,1.00000,6.9257,False,0.600,15,-0.4312,-1.9562,False,G04_quality
F17_c0.25_L10_T120,F17,1,1.0,T120,500,500,0,-3.2656,-4.1356,-4.5706,-0.0188,-0.0357,0.803,0.785,0.3820,1.270,-9.1914,0.0186,0.05060,1.00000,1.00000,6.0290,True,0.333,15,-3.9824,-6.6970,False,G04_quality
F17_c0.25_L10_T30,F17,1,1.0,T30,500,500,0,-0.0461,-0.9161,-1.3511,-0.0078,-0.0247,0.925,0.892,0.4740,0.990,-4.3889,1.6734,0.38260,1.00000,1.00000,5.1303,True,0.467,15,-0.8226,-2.7011,False,G04_quality
F17_c0.25_L20_T120,F17,1,2.0,T120,500,500,0,-0.6344,-1.5044,-1.9394,0.0115,0.0030,0.936,0.918,0.4800,0.995,-7.5466,3.9344,0.51240,1.00000,1.00000,7.2115,True,0.467,15,-2.5478,-4.5150,False,G04_quality
F17_c0.25_L20_T30,F17,1,2.0,T30,500,500,0,0.5213,-0.3487,-0.7837,0.0028,-0.0056,0.971,0.937,0.4980,0.944,-3.8911,2.2691,0.63760,1.00000,1.00000,5.3672,True,0.467,15,-0.2541,-2.1279,False,G04_quality
F17_c0.25_S10_T120,F17,-1,1.0,T120,350,350,0,4.0776,3.2076,2.7726,0.0869,0.0739,1.123,1.105,0.3600,1.965,-5.3792,11.2413,0.51860,1.00000,1.00000,12.5889,False,0.533,15,1.3938,-0.7592,False,G04_quality
F17_c0.25_S10_T30,F17,-1,1.0,T30,350,350,0,0.9810,0.1110,-0.3240,0.0235,0.0105,1.006,0.982,0.4514,1.193,-5.4106,5.0060,0.88500,0.99990,1.00000,7.8358,True,0.467,15,-1.2059,-2.6203,False,G04_quality
F17_c0.25_S20_T120,F17,-1,2.0,T120,350,350,0,1.5958,0.7258,0.2908,0.0201,0.0137,1.022,1.009,0.4486,1.240,-10.1089,10.9767,0.96860,1.00000,1.00000,12.1508,False,0.600,15,-1.6616,-4.1608,False,G04_quality
F17_c0.25_S20_T30,F17,-1,2.0,T30,350,350,0,1.3857,0.5157,0.0807,0.0156,0.0091,1.029,1.004,0.4800,1.088,-5.5997,5.6776,0.99380,1.00000,1.00000,8.3027,False,0.600,15,-0.8000,-2.2121,False,G04_quality
F18_p1.0_L15_CLOSE,F18,1,1.5,CLOSE,472,472,0,-0.4788,-1.3488,-1.7838,-0.0229,-0.0340,0.916,0.891,0.4640,1.029,-5.6604,2.0989,0.35860,0.97780,1.00000,-2.6335,False,0.467,15,-2.1850,-3.1538,False,G04_quality
F18_p1.0_S15_CLOSE,F18,-1,1.5,CLOSE,389,389,0,5.5723,4.7023,4.2673,0.0667,0.0568,1.282,1.253,0.5064,1.221,-0.8837,9.2824,0.10720,0.08869,0.34684,0.0184,True,0.667,15,3.7031,2.7083,False,G04_quality
F18_p1.5_L15_CLOSE,F18,1,1.5,CLOSE,290,290,0,-2.4740,-3.3440,-3.7790,-0.0619,-0.0735,0.805,0.782,0.4414,0.990,-8.6929,1.2240,0.14360,0.99660,1.00000,-4.0215,False,0.500,14,-4.4398,-4.9819,False,G04_quality
F18_p1.5_S15_CLOSE,F18,-1,1.5,CLOSE,236,236,0,5.0902,4.2202,3.7852,0.0718,0.0625,1.237,1.210,0.5085,1.170,-2.8022,10.3944,0.26000,0.33657,0.84292,-0.6475,True,0.714,14,2.8515,2.2390,False,G04_quality
F19_r4_L10_T120,F19,1,1.0,T120,1752,1752,0,0.8542,-0.0158,-0.4508,-0.0368,-0.0512,0.999,0.981,0.3807,1.596,-3.5781,2.6999,0.76200,0.32537,0.84292,1.1779,True,0.333,15,-0.7366,-3.6986,False,G04_quality
F19_r4_L10_T30,F19,1,1.0,T30,1752,1752,0,-0.7992,-1.6692,-2.1042,-0.0564,-0.0708,0.901,0.877,0.4532,1.058,-4.0694,-0.0334,0.04520,0.75302,1.00000,-1.3879,False,0.333,15,-2.2688,-3.7493,False,G04_quality
F19_r4_L20_T120,F19,1,2.0,T120,1752,1752,0,1.2923,0.4223,-0.0127,-0.0238,-0.0310,1.015,1.000,0.4954,1.018,-3.7807,3.7483,0.99060,0.30007,0.80285,2.3655,True,0.333,15,-0.2982,-3.2717,False,G04_quality
F19_r4_L20_T30,F19,1,2.0,T30,1752,1752,0,-0.4884,-1.3584,-1.7934,-0.0247,-0.0319,0.924,0.901,0.5000,0.901,-4.0669,0.4346,0.11740,0.62174,1.00000,-1.3691,False,0.400,15,-1.6098,-3.4508,False,G04_quality
F19_r4_S10_T120,F19,-1,1.0,T120,1786,1786,0,-3.1637,-4.0337,-4.4687,-0.1003,-0.1145,0.842,0.827,0.3236,1.728,-7.5671,-1.3878,0.00420,0.93081,1.00000,0.2063,True,0.267,15,-4.9523,-7.4200,False,G04_quality
F19_r4_S10_T30,F19,-1,1.0,T30,1786,1786,0,-2.4292,-3.2992,-3.7342,-0.0671,-0.0813,0.810,0.788,0.4031,1.166,-5.6445,-1.8070,0.00020,0.98300,1.00000,-1.6574,True,0.200,15,-3.8579,-5.2613,False,G04_quality
F19_r4_S20_T120,F19,-1,2.0,T120,1786,1786,0,-3.9158,-4.7858,-5.2208,-0.0551,-0.0622,0.843,0.831,0.4194,1.150,-8.8624,-1.5551,0.00760,0.92261,1.00000,0.7989,True,0.267,15,-5.7048,-8.2249,False,G04_quality
F19_r4_S20_T30,F19,-1,2.0,T30,1786,1786,0,-3.0850,-3.9550,-4.3900,-0.0394,-0.0465,0.783,0.762,0.4188,1.058,-6.5874,-2.1739,0.00010,0.99670,1.00000,-1.4488,True,0.267,15,-4.1560,-5.9233,False,G04_quality
F19_r6_L10_T120,F19,1,1.0,T120,906,906,0,0.2031,-0.6669,-1.1019,-0.0074,-0.0207,0.974,0.957,0.3962,1.458,-5.4898,3.3731,0.62540,0.00270,0.01906,-4.1062,False,0.467,15,-1.6555,-4.2863,False,G04_quality
F19_r6_L10_T30,F19,1,1.0,T30,906,906,0,-1.2158,-2.0858,-2.5208,-0.0403,-0.0536,0.876,0.853,0.4647,0.982,-5.3610,0.3430,0.08580,0.23368,0.69834,-3.7667,False,0.467,15,-2.8432,-4.3170,False,G04_quality
F19_r6_L20_T120,F19,1,2.0,T120,906,906,0,1.7506,0.8806,0.4456,0.0067,0.0001,1.030,1.015,0.5077,0.984,-4.8091,5.8086,0.87800,0.00010,0.00092,-4.3931,True,0.533,15,-0.1063,-2.7462,False,G04_quality
F19_r6_L20_T30,F19,1,2.0,T30,906,906,0,-1.4427,-2.3127,-2.7477,-0.0199,-0.0266,0.871,0.848,0.4978,0.856,-5.8728,0.3839,0.08080,0.18848,0.63712,-4.2480,False,0.333,15,-2.3936,-4.5462,False,G04_quality
F19_r6_S10_T120,F19,-1,1.0,T120,1100,1100,0,-2.5354,-3.4054,-3.8404,-0.1216,-0.1350,0.863,0.847,0.3255,1.756,-7.6954,0.2835,0.06640,0.00830,0.05039,-6.2479,False,0.333,15,-4.6252,-7.1628,False,G04_quality
F19_r6_S10_T30,F19,-1,1.0,T30,1100,1100,0,-1.9013,-2.7713,-3.2063,-0.0878,-0.1011,0.818,0.793,0.4036,1.172,-5.5837,-0.8010,0.01060,0.34467,0.85278,-4.0554,False,0.333,15,-3.4910,-4.9884,False,G04_quality
F19_r6_S20_T120,F19,-1,2.0,T120,1100,1100,0,-3.7593,-4.6293,-5.0643,-0.0778,-0.0845,0.842,0.829,0.3918,1.287,-9.7007,-0.2970,0.03880,0.00500,0.03428,-7.5028,False,0.267,15,-5.8502,-8.4569,False,G04_quality
F19_r6_S20_T30,F19,-1,2.0,T30,1100,1100,0,-2.1764,-3.0464,-3.4814,-0.0461,-0.0528,0.806,0.782,0.4164,1.096,-5.9010,-1.0503,0.00660,0.33297,0.84292,-4.1868,False,0.267,15,-3.7664,-5.2662,False,G04_quality
